actionAttachment,https://cdn.zapier.com/storage/photos/81e926a47d988a5263b74f8fe6ecd9cd.png
actionAutoRenew,https://cdn.zapier.com/storage/photos/6e4e25d2c0b53ab70c19fb91836afe49.png
actionBookmark,https://cdn.zapier.com/storage/photos/f755d2fc5a1fd5ce0f9f8514340fd508.png
actionBookmarkFill,https://cdn.zapier.com/storage/photos/a395ce18c9a15dcbac55386c96894787.png
actionBug,https://cdn.zapier.com/storage/photos/b52da7f3f1f8604179e0cd5677f0f02f.png
actionBugFill,https://cdn.zapier.com/storage/photos/3d6b38c5708bca1fd8d2c34665a38e7a.png
actionBuild,https://cdn.zapier.com/storage/photos/ebd629c9f1d7a9b42eec6d05e3044a9f.png
actionCalendar,https://cdn.zapier.com/storage/photos/3bb42044b69e5ef6770fd2307eef274b.png
actionCalendarFill,https://cdn.zapier.com/storage/photos/6552953ec20b5a34152017938898418f_2.png
actionCamera,https://cdn.zapier.com/storage/photos/67b13379144eb96c6db4737d4cf5efa2.png
actionCameraFill,https://cdn.zapier.com/storage/photos/e94a745c0e216c0e5aaeb965e8a31a16.png
actionCheckConnection,https://cdn.zapier.com/storage/photos/51af639ebf1141b197e5ca4e1108234c.png
actionCheckConnectionFill,https://cdn.zapier.com/storage/photos/21e9171958662ed58ae7628f4afe5711.png
actionCompare,https://cdn.zapier.com/storage/photos/968dea35d7fac86518c22e294999dd6a.png
actionCopy,https://cdn.zapier.com/storage/photos/eaf6c99b09a09117e13aedc96a4349c0.png
actionCopyFill,https://cdn.zapier.com/storage/photos/12a2db60e3489341efb00a735c1a7990.png
actionDownload,https://cdn.zapier.com/storage/photos/9d9e2f0ce4092551781a267557e93a65.png
actionDrag,https://cdn.zapier.com/storage/photos/32b91d30647f64496677e18005d54825.png
actionEdit,https://cdn.zapier.com/storage/photos/649a3c82786155ec1f844e1e870a74bf.png
actionEditCircle,https://cdn.zapier.com/storage/photos/b0abe4d6669684d07efe4342872ed8ba.png
actionEditCircleFill,https://cdn.zapier.com/storage/photos/3df69d6501e1571ab464775de17b6f89.png
actionEditFill,https://cdn.zapier.com/storage/photos/616e60772f4c3867177ad54b51835b82.png
actionEditPlus,https://cdn.zapier.com/storage/photos/02c61d53f95be2661a90211d041c6552.png
actionEmail,https://cdn.zapier.com/storage/photos/5bb52a8fec2809b821ebf2454889c717.png
actionEmailFill,https://cdn.zapier.com/storage/photos/2164669c81613d617e4c59ca28d29183.png
actionExplore,https://cdn.zapier.com/storage/photos/98ec073b88934284b94aa62c5247ad2b.png
actionExploreFill,https://cdn.zapier.com/storage/photos/ae87760e2eb2025605309766f241fab8.png
actionFilter,https://cdn.zapier.com/storage/photos/0802292df5621a80751423efcd74629c.png
actionFlag,https://cdn.zapier.com/storage/photos/c311b7262592a48d09d56319069c6689.png
actionFlagFill,https://cdn.zapier.com/storage/photos/bbb64e1c5f0730371f033382c3ac69a0.png
actionInsert,https://cdn.zapier.com/storage/photos/c0c00a4360f1f8d8372f09670f2e7da5.png
actionLink,https://cdn.zapier.com/storage/photos/baa5b3a64988a15f0dc8497c52ec257b.png
actionLock,https://cdn.zapier.com/storage/photos/9efbd2091ca88be6bfa0febc749e7cf9.png
actionLockFill,https://cdn.zapier.com/storage/photos/72064fa68f1e2000d989a6bc9c329abd.png
actionMoveToFolder,https://cdn.zapier.com/storage/photos/e0986a7e2f57e63dc48bf860144b8c8e.png
actionMoveToFolderFill,https://cdn.zapier.com/storage/photos/135210c36fbe98d842c170c06d5a7a8a.png
actionPhoto,https://cdn.zapier.com/storage/photos/9122fd96f8dd638ad2f90d33ae57d27b.png
actionPhotoFill,https://cdn.zapier.com/storage/photos/0c5603c2c2fc5a9d44bac9c59951773c.png
actionPin,https://cdn.zapier.com/storage/photos/de0bee83e7344532dbd2ab5df8ff791b.png
actionPinFill,https://cdn.zapier.com/storage/photos/3809b5b0467261a0e4267c19fbb5235e.png
actionPlay,https://cdn.zapier.com/storage/photos/cf39dcfff95d5bba0892d167e30f87a6.png
actionPlayFill,https://cdn.zapier.com/storage/photos/2265ebb57885e6d41a6d2dd427079e96.png
actionRename,https://cdn.zapier.com/storage/photos/eaffbd9f968c19d8e262f650fe74e180.png
actionRenameFill,https://cdn.zapier.com/storage/photos/9b2fdd30598fb620af014a6f91de191e.png
actionResend,https://cdn.zapier.com/storage/photos/5dbb0701b99add3ef4452933414da3a0.png
actionResendFill,https://cdn.zapier.com/storage/photos/480703470bb0f5638ed72de0e910cfc0.png
actionSend,https://cdn.zapier.com/storage/photos/0d59eb5a314eb2798cb8cf3c7774aa6c.png
actionSendFill,https://cdn.zapier.com/storage/photos/36b1ce321682659ce0fe1349bee1fa43.png
actionShare,https://cdn.zapier.com/storage/photos/7256d5cb56cc7b3aef8cf2af5eefb0f8.png
actionShareFill,https://cdn.zapier.com/storage/photos/cc949df69148f1512e39d7848a145b5d.png
actionSwitchAccount,https://cdn.zapier.com/storage/photos/0b90bc5ea890ed10e336d1b09ee47878.png
actionSwitchAccountFill,https://cdn.zapier.com/storage/photos/6d577c8da515ecb2817043c03f0324f2.png
actionTrash,https://cdn.zapier.com/storage/photos/2e5e53fe84475a03f9d12b90368403eb.png
actionTrashFill,https://cdn.zapier.com/storage/photos/78891c6d54b161a38cbed3ede31118af.png
alertCircle,https://cdn.zapier.com/storage/photos/f24dbb0edc093cbc288c32faac8d9a14.png
alertCircleFill,https://cdn.zapier.com/storage/photos/9de84813ec88a1a289eeb6d4232fdf69.png
alertInfo,https://cdn.zapier.com/storage/photos/87742841e9958435e18f5fd83bc7d0aa.png
alertInfoFill,https://cdn.zapier.com/storage/photos/f513e40d0a0820e02ce7252234a7e566.png
alertTriangle,https://cdn.zapier.com/storage/photos/a01aaf8b7d618fe1b1a75ba766bda712.png
alertTriangleFill,https://cdn.zapier.com/storage/photos/8d8d8efa90b12183539d3951ed1c4a7b.png
arrowBigDown,https://cdn.zapier.com/storage/photos/f596f26128d01efe179c4340f0d17f84.png
arrowBigLeft,https://cdn.zapier.com/storage/photos/6c8dd6426563327c808634b90badea0f.png
arrowBigRight,https://cdn.zapier.com/storage/photos/74636df6f450a3f5e8d4082588523f1b.png
arrowBigUp,https://cdn.zapier.com/storage/photos/7b756b685e0e7f9759e8f7e1ed700aca.png
arrowBranch,https://cdn.zapier.com/storage/photos/0ab5983f080a8392de9dad3d2b048d49.png
arrowCode,https://cdn.zapier.com/storage/photos/92aaa5374905a266b7fab3d2e20888a7.png
arrowCodeDots,https://cdn.zapier.com/storage/photos/5882879121618f2f8fc30f5ac18be57e.png
arrowConnect,https://cdn.zapier.com/storage/photos/41b593798a9e2a7b5f04bbef6540f03e.png
arrowDropdown,https://cdn.zapier.com/storage/photos/0b3584d536f09aadc17b1176e3f4e79d.png
arrowDropdownCircle,https://cdn.zapier.com/storage/photos/ab2a288179d638478fa589958eae4c1e.png
arrowExit,https://cdn.zapier.com/storage/photos/8fe4fd73fb5c0cda95dd156d46de7db9.png
arrowLineLeft,https://cdn.zapier.com/storage/photos/ecfa035ee4dff1ca0b4cbb5efbec6198.png
arrowLineRight,https://cdn.zapier.com/storage/photos/d30e0bc9efd1f33bea574b44d44902ab.png
arrowOffsite,https://cdn.zapier.com/storage/photos/35e370ad2d3aaf12dd34b5c5740817fa.png
arrowRedo,https://cdn.zapier.com/storage/photos/6f74e02e992db463bbf05036e92716bf.png
arrowRefresh,https://cdn.zapier.com/storage/photos/79eff704a775433ff35a8e0e8fda78c8.png
arrowSmallDown,https://cdn.zapier.com/storage/photos/9f549e9320881f1dcda37fce73ace8ca.png
arrowSmallLeft,https://cdn.zapier.com/storage/photos/213b77fabe2b2f680d80565dcd5dfb11.png
arrowSmallRight,https://cdn.zapier.com/storage/photos/7bc2378d2fd3af8934e5969ba3fd047b.png
arrowSmallUp,https://cdn.zapier.com/storage/photos/9fc11c38be8433c687ef54ace5be16a3.png
arrowUndo,https://cdn.zapier.com/storage/photos/4c6609e80d6360e1283a50ac574b5154.png
arrowZoom,https://cdn.zapier.com/storage/photos/8a96aec5f3b3071f4e05a6ce33150fc5.png
autoLayout,https://cdn.zapier.com/storage/files/68988f9794c4df0a49698358d5cc42b0.svg
canvasAddComments,https://cdn.zapier.com/storage/files/8bf060d2f0cfbdad24c4db9682d9d974.svg
canvasConnect,https://cdn.zapier.com/storage/files/c1dbc0f17b8f41530bce0d0d28e73d65.svg
canvasUserCursors,https://cdn.zapier.com/storage/files/f865724897eaab4f8b9b3ff7a791f059.svg
commentAdd,https://cdn.zapier.com/storage/photos/63458b6e9e2fa6cb97fceb04ee0b912f.png
commentAddFill,https://cdn.zapier.com/storage/photos/a11e906ce10defeb9e0d7804f4431fd2.png
commentBlank,https://cdn.zapier.com/storage/photos/5b5f22c0e6cd68c62c24b14e86b58bc5.png
commentBlankFill,https://cdn.zapier.com/storage/photos/f46f134116c745c400faf0b392cb6c26.png
commentConvo,https://cdn.zapier.com/storage/photos/f4bbdde55842b654314e3068a3ed904c.png
commentConvoFill,https://cdn.zapier.com/storage/photos/6d992bcf19f8372dd5c8ac1a1d068d64.png
commentFilled,https://cdn.zapier.com/storage/photos/8d56dd27bc7040a2d1e116777f928dcf.png
commentFilledFill,https://cdn.zapier.com/storage/photos/5334c40ac3771615d5934f7efc16c4b3.png
commentWaiting,https://cdn.zapier.com/storage/photos/fd441230ac28bbbc9c2d10bb7c1d0fb9.png
commentWaitingFill,https://cdn.zapier.com/storage/photos/4a0269f65df20c71569719f3e19f8fd9.png
fileAdd,https://cdn.zapier.com/storage/photos/71a3fcc4622979ef6f58d45026a06227.png
fileAddFill,https://cdn.zapier.com/storage/photos/387495df76ccbd70911fd87aa1ac6b3f.png
fileFile,https://cdn.zapier.com/storage/photos/39ae1a336e1c7a2e16980731ba17acc0.png
fileFileFill,https://cdn.zapier.com/storage/photos/7629435fe25cf02042ad7feebe043637.png
fileFilled,https://cdn.zapier.com/storage/photos/e89b32e3fb00167ecf14876ff29d2355.png
fileFilledFill,https://cdn.zapier.com/storage/photos/92b33c34ca1ab05fb718a153a8f30fe4.png
fileGuide,https://cdn.zapier.com/storage/photos/fadc269a5303d55a68ef03dee6517b62.png
fileGuideFill,https://cdn.zapier.com/storage/photos/cec21cdf9e885a17e90792dbe9178533.png
formAdd,https://cdn.zapier.com/storage/photos/5ac2aed78cb9cf13caa7d982ad4cd694.png
formAddCircle,https://cdn.zapier.com/storage/photos/9df719012a475f4826151d5138b3692a.png
formAddCircleOutlined,https://cdn.zapier.com/storage/photos/15efc7ad282e4485dc433598c9913510.png
formAddSquare,https://cdn.zapier.com/storage/photos/5de50ae3e3b82b43557f77bbedbfecda.png
formAddSquareOutlined,https://cdn.zapier.com/storage/photos/4093ea45f8f615c59906fee4fa11715a.png
formBlank,https://cdn.zapier.com/storage/photos/54306a4655d417362a7e2b6cec6031ba.png
formCheck,https://cdn.zapier.com/storage/photos/2011eb6db602e087fdc166dd186e3db0.png
formCheckCircle,https://cdn.zapier.com/storage/photos/d70f178125fd109bf4ffc3f282639d14.png
formCheckCircleOutlined,https://cdn.zapier.com/storage/photos/523610e288d371dfea3856cd6195c7f7.png
formCheckSquare,https://cdn.zapier.com/storage/photos/2c70cc545ec3cb333dfcc60f6fac6534.png
formCheckSquareOutlined,https://cdn.zapier.com/storage/photos/9c3cab951f1aa5727e35e191e4fdba87.png
formDash,https://cdn.zapier.com/storage/photos/2371f734bfde84c676841d87016a22d8.png
formDashCircle,https://cdn.zapier.com/storage/photos/c655a946c926b472cfa7b1b66428b0ec.png
formDashCircleOutlined,https://cdn.zapier.com/storage/photos/e6238626f3547e7bfedeea54bff35289.png
formDashSquare,https://cdn.zapier.com/storage/photos/8f3b6e773f710a5464d640a5eef75d6b.png
formDashSquareOutlined,https://cdn.zapier.com/storage/photos/06e397b55dd031f293808963283ffd48.png
formRadioCheck,https://cdn.zapier.com/storage/photos/d0e323a8e00306f25f944d41969428d1.png
formRadioDot,https://cdn.zapier.com/storage/photos/affe4dbdad7c6afc6e0a846b659c18e1.png
formRadioUnchecked,https://cdn.zapier.com/storage/photos/ba7d4e4deafb4a47b6c373aa61b5f52a.png
formText,https://cdn.zapier.com/storage/photos/daa32665599baa6607ce7f55e897dee2.png
formTextAlignCenter,https://cdn.zapier.com/storage/photos/928f03060b73932fade9485f3682e5d4.png
formTextAlignLeft,https://cdn.zapier.com/storage/photos/e9ad1354d7c5a6340d79a7c1141d20bd.png
formTextAlignRight,https://cdn.zapier.com/storage/photos/e66e04114556b968efc043987d0d1e90.png
formTextLong,https://cdn.zapier.com/storage/photos/df677f060427f460597907ded05ccc21.png
formToggle,https://cdn.zapier.com/storage/photos/f13b25ed3a2d9d0212c797384af9a7e5.png
formX,https://cdn.zapier.com/storage/photos/2cbb83000ea8dddc618bf0152ab2dbc4.png
formXCircle,https://cdn.zapier.com/storage/photos/e267d92e4e3c331efdcb6ed40ade0813.png
formXCircleOutlined,https://cdn.zapier.com/storage/photos/cce79dc1c528f50313601908d5797412.png
Group,https://cdn.zapier.com/storage/photos/2a9fb456fd119e2352b4abaa103ee91d.png
misc-pin,https://cdn.zapier.com/storage/photos/3a9dd911db1db63ee1a5069a33b57439.png
misc-pin,https://cdn.zapier.com/storage/photos/a9ed8dc8bdd4edc495a2ac3adea00495.png
miscAI,https://cdn.zapier.com/storage/photos/b2471573e500320eb18b734a46ef25fa.png
miscAIChatbot,https://cdn.zapier.com/storage/photos/d2e2a22c5044139b0e71cd9046486010.png
miscBolt,https://cdn.zapier.com/storage/photos/fea4729a94b58427bf8fbc0ecc41f917.png
miscBoltAlt,https://cdn.zapier.com/storage/photos/154128c6e4767a2b1ea4db085bea0c11.png
miscBoltAltFill,https://cdn.zapier.com/storage/photos/a7ca73fa1130c876644d0719c92d5538.png
miscBoltFill,https://cdn.zapier.com/storage/photos/74d8a539b3c218bac02ef1b828357859.png
miscBoltOutlined,https://cdn.zapier.com/storage/photos/998f5381dc2ce955dab25fe5b2c4675d.png
miscClock,https://cdn.zapier.com/storage/photos/8aeb328e01a50022821101e080183443.png
miscClockFill,https://cdn.zapier.com/storage/photos/55d3311e53d98669e92da9fff57642ae.png
miscCloud,https://cdn.zapier.com/storage/photos/d4dd84c251579c6de8c4e1c38756a430.png
miscCloudCheck,https://cdn.zapier.com/storage/photos/6bfba89237453703f10c2c57b2017720.png
miscCloudCheckFill,https://cdn.zapier.com/storage/photos/574988ec915d90836e7e2d334a355d9d.png
miscCloudFill,https://cdn.zapier.com/storage/photos/dd4351d6690cecb55727c8e0f03aeba1.png
miscColor,https://cdn.zapier.com/storage/photos/f099956bc71c56c31592cd64e7d6987e.png
miscColorFill,https://cdn.zapier.com/storage/photos/38f1282f54aa737851039867e5e49a47.png
miscCookie,https://cdn.zapier.com/storage/photos/6e87866839c6e6a8764dcdabb3a57801.png
miscCookieFill,https://cdn.zapier.com/storage/photos/fb91c3f931a63a17f8a0c3da81e9eab1.png
miscCreditCard,https://cdn.zapier.com/storage/photos/36f259d27618dc8fb6bd2b022c1517e3.png
miscCreditCardFill,https://cdn.zapier.com/storage/photos/f8293e6c4c129d161b0acfb7ca0ab5c7.png
miscDollar,https://cdn.zapier.com/storage/photos/89819e9b02c55ce3029d295de6117d37.png
miscEye,https://cdn.zapier.com/storage/photos/335619ab6472fe1fefab18d493cb39bf.png
miscEyeClosed,https://cdn.zapier.com/storage/photos/338323a13c4cb14c8ad1cd1d29b64cd9.png
miscEyeFill,https://cdn.zapier.com/storage/photos/a15a91fe8195059535ea5ce1933207a5.png
miscFingerprint,https://cdn.zapier.com/storage/photos/5e00619e4746a59ce08a95a49f51df59.png
miscFire,https://cdn.zapier.com/storage/photos/693a0bbe8f8a71b4ae285d6dbfc088c1.png
miscFireFill,https://cdn.zapier.com/storage/photos/331c1ad9307ccac70bdb3b663d44fde9.png
miscGraph,https://cdn.zapier.com/storage/photos/69cf365beb317cf9f6e163063312be2a.png
miscGraphBox,https://cdn.zapier.com/storage/photos/9a5778b6c48e513ceb8594de95cfeaa2.png
miscGraphBoxFill,https://cdn.zapier.com/storage/photos/5eb6790013fe640416b3de8d90cab8d0.png
miscHand,https://cdn.zapier.com/storage/photos/46951d7c97555b18e08d768832a84086.png
miscHandFill,https://cdn.zapier.com/storage/photos/95069bd0c02bedf379e0c04d680c4a47.png
miscHeadset,https://cdn.zapier.com/storage/photos/dec8e881ec30c16fc2a4698b2ca5f0fe.png
miscHeadsetFill,https://cdn.zapier.com/storage/photos/462d0fb0c71ff2c5ee3629afa19de4dd.png
miscLearn,https://cdn.zapier.com/storage/photos/90d5a25e6af96904ad7633c87eb6e48e.png
miscLearnFill,https://cdn.zapier.com/storage/photos/31aa9027a4e833ef91cc9cef88b80954.png
miscList,https://cdn.zapier.com/storage/photos/c5d61464ee67185229cc7ad2a49bffa8.png
miscMic,https://cdn.zapier.com/storage/photos/8607269f05f72c2bd4fe427b2310ead1.png
miscMicFill,https://cdn.zapier.com/storage/photos/2ed9477f648239e3771b4dea8b5cd622.png
miscPie,https://cdn.zapier.com/storage/photos/91344cba4d74c23c0fb65fc92fbc17fe.png
miscPieFill,https://cdn.zapier.com/storage/photos/3a19dabc3c1ac65c6978b1be1775b68a.png
miscPinFill,https://cdn.zapier.com/storage/photos/9498281d7d43a6dfef10871833c45a5c.png
miscSecurity,https://cdn.zapier.com/storage/photos/7bf5fcadd0bc0b5abddcb269a29d039b.png
miscSecurityFill,https://cdn.zapier.com/storage/photos/1bf1295f534c533d8fe45e4c7b124015.png
miscSteps,https://cdn.zapier.com/storage/photos/5c58a31bae93eb5e581566489d8548b7.png
miscSteps1,https://cdn.zapier.com/storage/photos/e3fcd2b72be4f2e3ac3ba55fd0d65aa2.png
miscSteps2,https://cdn.zapier.com/storage/photos/3b1d0553f1ab151a2806a65edf8d73e7.png
miscSteps3,https://cdn.zapier.com/storage/photos/2e7b5325adea68470cf4b056ee315a40.png
miscStepsAlt,https://cdn.zapier.com/storage/photos/bd728ac21241fe9631ccb2197030360b.png
miscStepsFill,https://cdn.zapier.com/storage/photos/19e9f3fcb4910aa6cc4831888e5d1bf5.png
miscTimelapse,https://cdn.zapier.com/storage/photos/c66f1cf84b4e07670acbdeee310424c7.png
miscUptime,https://cdn.zapier.com/storage/photos/287849c444bc29b80cea502bae310005.png
miscUptimeFill,https://cdn.zapier.com/storage/photos/8b6f70d843b7b9928cf8d9caddbd83ac.png
miscWallet,https://cdn.zapier.com/storage/photos/0d7449b1ff0af687cc2366e1ffbec3c7.png
miscWalletFill,https://cdn.zapier.com/storage/photos/eea2fc59b9f03ffad37968fa418f99a6.png
miscWorld,https://cdn.zapier.com/storage/photos/517eec636c6cd85aa46e9a0683a2fbea.png
miscWorldFill,https://cdn.zapier.com/storage/photos/9463604d8ddd96c78bef815529a5da20.png
navAIChatbot,https://cdn.zapier.com/storage/photos/f99460cef9510d12a27678f3079120da.png
navApps,https://cdn.zapier.com/storage/photos/b59c6a742ff1197fdea9096bec3b5857.png
navAppsFill,https://cdn.zapier.com/storage/photos/d18c12e03ba4000c035e4b274456fdfa.png
navBell,https://cdn.zapier.com/storage/photos/8130c247ac619bcd385fb061411154c2.png
navBellFill,https://cdn.zapier.com/storage/photos/b54e452bd05a78c37ec4b6ba383b265e.png
navBlog,https://cdn.zapier.com/storage/photos/d71ebe21423cb45c89ef6279d04ce8e9.png
navBlogFill,https://cdn.zapier.com/storage/photos/cc34f097dbb4cb48d17ff095991610a0.png
navBriefcase,https://cdn.zapier.com/storage/photos/4611ff632bf676b978323398c5189fb0.png
navBriefcaseFill,https://cdn.zapier.com/storage/photos/1cb1672da1295a50c5661d2de51cf88f.png
navCanvas,https://cdn.zapier.com/storage/photos/11c54f896133722b6b22e9328e8af2dc.png
navCentral,https://cdn.zapier.com/storage/photos/a705a3ca7670587ad5db76c94bb55b60.png
navCog,https://cdn.zapier.com/storage/photos/3451c46a93d480da52444589a8fc84ff.png
navCogFill,https://cdn.zapier.com/storage/photos/1397c67b31689803185dca4e04858e37.png
navConnectedAssets,https://cdn.zapier.com/storage/photos/57dc09826af163d2153373d60fb67406_2.png
navConnectedAssetsFill,https://cdn.zapier.com/storage/photos/af38b68bf2c25756220aafc9e2bf6ffd.png
navDashboard,https://cdn.zapier.com/storage/photos/82dced53a180d9accc5f2ae8e8dfe628.png
navDashboardFill,https://cdn.zapier.com/storage/photos/97e49ebf0b1c192a05fb1b195bf79266.png
navExplore,https://cdn.zapier.com/storage/photos/9d581daf6c4ea34b39b0e38528fca4fd.png
navExploreFill,https://cdn.zapier.com/storage/photos/125cab66a6c7c882e71deef51663efa1.png
navFolder,https://cdn.zapier.com/storage/photos/e331d9f96fcf83d98519cf3580fb5d9d.png
navFolderFill,https://cdn.zapier.com/storage/photos/787e16d342cac2893236dd7c972f0f01.png
navGridview,https://cdn.zappy.app/f0c243c2a8375f4f0bcd38ce870a3731.png
navHelp,https://cdn.zapier.com/storage/photos/dbd4cf5705aebfeda6588ee1b3ecd8f1.png
navHelpFill,https://cdn.zapier.com/storage/photos/a2fac8eda8b748f5e41253ddc5190c43.png
navHome,https://cdn.zapier.com/storage/photos/269d12f44ac21e4e5d3995f2aba02b0b.png
navHomeFill,https://cdn.zapier.com/storage/photos/4fadece8343a88e8b537deadb0176322.png
navIntegrations,https://cdn.zapier.com/storage/photos/e17f18436ad625352423506ab8c4e1f8.png
navIntegrationsFill,https://cdn.zapier.com/storage/photos/8f0b84e658e089697d255bbc6e74c598.png
navInterfaces,https://cdn.zapier.com/storage/photos/d767659d3a420b26488445c18c2d86f5.png
navInterfacessFill,https://cdn.zapier.com/storage/photos/082c15da8bdd5bccd7c747fe8627fb6f.png
navMenu,https://cdn.zapier.com/storage/photos/1a544ddad664fa7c30c56a1b07ddc6b5.png
navMenuAlt,https://cdn.zapier.com/storage/photos/a88a52bfa23a334d83dfbcc715c921f1.png
navMoreHoriz,https://cdn.zapier.com/storage/photos/c75ae81dbb8902b98f7d575b0468f608.png
navMoreVert,https://cdn.zapier.com/storage/photos/1b5d0948aaade9d038b3d80fd68f8e96.png
navProjects,https://cdn.zapier.com/storage/photos/370b6d78ffe9ca8a9b6563d0f8087ff7.png
navProjectsFill,https://cdn.zapier.com/storage/photos/8e2b183626858549efe897dc14077086.png
navSearch,https://cdn.zapier.com/storage/photos/6919dbdeee52a93e6380884f63c2e4a9.png
navSearchFill,https://cdn.zapier.com/storage/photos/da008edb42d99598f5acc3d2e50f24ba.png
navTables,https://cdn.zapier.com/storage/photos/db3c58dc7ae7c8c68e12cc4128984701.png
navVersions,https://cdn.zapier.com/storage/photos/a4dce524c0ef4232600f64dceb196c58.png
navVersionsFill,https://cdn.zapier.com/storage/photos/e545e82c6733c5c22f2718aa84222bfd.png
partnerDashboard,https://cdn.zapier.com/storage/photos/9703080a12daf357ccf8d445c0f44c3c.png
partnerEmbed,https://cdn.zapier.com/storage/photos/5cb6126ec0a82d167f0c90036cf2952f.png
personAdd,https://cdn.zapier.com/storage/photos/481b15af0f85f7cdba45afd6c74331dd.png
personAddFill,https://cdn.zapier.com/storage/photos/2c26be2895a4cf21d4c4024066d2e5b8.png
personCircle,https://cdn.zapier.com/storage/photos/21ffddb93fe4621ea3e4b5ddc7077fe6.png
personCircleFill,https://cdn.zapier.com/storage/photos/ff6aba14ffda8ff6e5b5d9c828b017c3.png
personGroup,https://cdn.zapier.com/storage/photos/795c4dc3c135b3c2b7bc1018ae2424c0.png
personGroupFill,https://cdn.zapier.com/storage/photos/c666044e9a713af1cf430076487372c3.png
personOne,https://cdn.zapier.com/storage/photos/8fdfc9573ee7a4d2d637f540575ffc4f.png
personOneFill,https://cdn.zapier.com/storage/photos/31aa7b931c97c50dcff036c720f77ed2.png
personSettings,https://cdn.zapier.com/storage/photos/cec2b9459bcdea8dcdb6b099d40955b0.png
ratingCool,https://cdn.zapier.com/storage/photos/9f809052ddb8add25501fcc7ef7f293a.png
ratingHappy,https://cdn.zapier.com/storage/photos/3e7d514fa2cd4c58d4b9529c75c23fa4.png
ratingHappyAlt,https://cdn.zapier.com/storage/photos/165c300f5e25a87d2a8f0547508adcad.png
ratingHeart,https://cdn.zapier.com/storage/photos/ab83b5087ffe340f585d96d04114766a.png
ratingHeartFill,https://cdn.zapier.com/storage/photos/86b02eb20874ccb75d5715a2e17ef70d.png
ratingNeutral,https://cdn.zapier.com/storage/photos/d682ba8b1b49ab9b9571c28e5ffb122b.png
ratingNeutralAlt,https://cdn.zapier.com/storage/photos/6f1c4fd2decdb6cbb0e0f58d63f06fe8.png
ratingSad,https://cdn.zapier.com/storage/photos/a1e9cce4d4255f7386aecb09c9fed418.png
ratingSadAlt,https://cdn.zapier.com/storage/photos/9a629e8f9204b125d5e93f4e1a1332f4.png
ratingStar,https://cdn.zapier.com/storage/photos/8843673cace5f7b922c65168a85d657e.png
ratingStarFill,https://cdn.zapier.com/storage/photos/ab1bbdcf85517d551d28b06d9f3a98b8.png
ratingThumbsBoth,https://cdn.zapier.com/storage/photos/6d8deee2786bf138c3ff1017b30c09cf.png
ratingThumbsBothFill,https://cdn.zapier.com/storage/photos/d7b58ae1c37cda2beb3408d2893bd27b.png
ratingThumbsDown,https://cdn.zapier.com/storage/photos/929332013a743ff87a1f11097c16aee4.png
ratingThumbsDownFill,https://cdn.zapier.com/storage/photos/bf90cb76a645438275b84297d731bdb9.png
ratingThumbsUp,https://cdn.zapier.com/storage/photos/668925f6752dbbc219eede656af5999d.png
ratingThumbsUpFill,https://cdn.zapier.com/storage/photos/ea4eb3212d22af3cbbe7567cdb8152b8.png
ratingVeryHappy,https://cdn.zapier.com/storage/photos/30decd6770013ae3911c136b7dfcb144.png
ratingVeryHappyAlt,https://cdn.zapier.com/storage/photos/2464333dc032d8846ddade620a44fe31.png
ratingVerySad,https://cdn.zapier.com/storage/photos/cc3afa061cb83bc6d6427dcf4f2f81ce.png
ratingVerySadAlt,https://cdn.zapier.com/storage/photos/4d9915891edbd44125adfba5d0c3c4ae.png
ratingWink,https://cdn.zapier.com/storage/photos/33b4e1a034dd321aa625f16b8ac2ce82.png
ratingWinkAlt,https://cdn.zapier.com/storage/photos/59f1538cbdce0ed86ff40b321fd01884.png
status-playing-fill,https://cdn.zapier.com/storage/photos/ea6bfa475068918fdc6a925adf27b540.png
statusFilter,https://cdn.zapier.com/storage/photos/00bf2f170edb928a5fa2b67d2a42a920.png
statusFilterFill,https://cdn.zapier.com/storage/photos/efd863a06848d545ca68fc90619a0dbf.png
statusPaused,https://cdn.zapier.com/storage/photos/6beb4e9d5cce715d359d758da7236dd5.png
statusPlaying,https://cdn.zapier.com/storage/photos/70edc1a706707fe63754f87526abce04.png
statusStatus,https://cdn.zapier.com/storage/photos/2a945aa5b8e050070d8c557731b5ddf0.png
statusStatusFill,https://cdn.zapier.com/storage/photos/1250e47840423d8939986c7bc4d01e47.png
team,https://cdn.zapier.com/storage/photos/8ca26aa436efa524707f4accb280996d.png
teamFill,https://cdn.zapier.com/storage/photos/777aa9cde35b73ed45843951d33cb51a.png
userCursor,https://cdn.zapier.com/storage/photos/c89b2ed74e3086ca8159eaff3dcd7c8b.png
zapDetails,https://cdn.zapier.com/storage/photos/632de24c20ffae55d1486012de4d83c7.png
zapDetailsFill,https://cdn.zapier.com/storage/photos/9c0d021f337c3c08f3b5565ec374aa08.png
zapier,https://cdn.zapier.com/storage/photos/816340aaebfbc2d0bfc576864e6f9bfe.png