name,keyword,snippet
actionAttachment.png,actionAttachment.png,"<img style=""vertical-align: middle;"" src=""https://cdn.zapier.com/storage/photos/81e926a47d988a5263b74f8fe6ecd9cd.png"" width=""24"" aria-hidden=""true"">"
actionAutoRenew.png,actionAutoRenew.png,"<img style=""vertical-align: middle;"" src=""https://cdn.zapier.com/storage/photos/6e4e25d2c0b53ab70c19fb91836afe49.png"" width=""24"" aria-hidden=""true"">"
actionBookmark.png,actionBookmark.png,"<img style=""vertical-align: middle;"" src=""https://cdn.zapier.com/storage/photos/f755d2fc5a1fd5ce0f9f8514340fd508.png"" width=""24"" aria-hidden=""true"">"
actionBookmarkFill.png,actionBookmarkFill.png,"<img style=""vertical-align: middle;"" src=""https://cdn.zapier.com/storage/photos/a395ce18c9a15dcbac55386c96894787.png"" width=""24"" aria-hidden=""true"">"
actionBug.png,actionBug.png,"<img style=""vertical-align: middle;"" src=""https://cdn.zapier.com/storage/photos/b52da7f3f1f8604179e0cd5677f0f02f.png"" width=""24"" aria-hidden=""true"">"
actionBugFill.png,actionBugFill.png,"<img style=""vertical-align: middle;"" src=""https://cdn.zapier.com/storage/photos/3d6b38c5708bca1fd8d2c34665a38e7a.png"" width=""24"" aria-hidden=""true"">"
actionBuild.png,actionBuild.png,"<img style=""vertical-align: middle;"" src=""https://cdn.zapier.com/storage/photos/ebd629c9f1d7a9b42eec6d05e3044a9f.png"" width=""24"" aria-hidden=""true"">"
actionCalendar.png,actionCalendar.png,"<img style=""vertical-align: middle;"" src=""https://cdn.zapier.com/storage/photos/3bb42044b69e5ef6770fd2307eef274b.png"" width=""24"" aria-hidden=""true"">"
actionCalendarFill.png,actionCalendarFill.png,"<img style=""vertical-align: middle;"" src=""https://cdn.zapier.com/storage/photos/6552953ec20b5a34152017938898418f_2.png"" width=""24"" aria-hidden=""true"">"
actionCamera.png,actionCamera.png,"<img style=""vertical-align: middle;"" src=""https://cdn.zapier.com/storage/photos/67b13379144eb96c6db4737d4cf5efa2.png"" width=""24"" aria-hidden=""true"">"
actionCameraFill.png,actionCameraFill.png,"<img style=""vertical-align: middle;"" src=""https://cdn.zapier.com/storage/photos/e94a745c0e216c0e5aaeb965e8a31a16.png"" width=""24"" aria-hidden=""true"">"
actionCheckConnection.png,actionCheckConnection.png,"<img style=""vertical-align: middle;"" src=""https://cdn.zapier.com/storage/photos/51af639ebf1141b197e5ca4e1108234c.png"" width=""24"" aria-hidden=""true"">"
actionCheckConnectionFill.png,actionCheckConnectionFill.png,"<img style=""vertical-align: middle;"" src=""https://cdn.zapier.com/storage/photos/21e9171958662ed58ae7628f4afe5711.png"" width=""24"" aria-hidden=""true"">"
actionCopy.png,actionCopy.png,"<img style=""vertical-align: middle;"" src=""https://cdn.zapier.com/storage/photos/eaf6c99b09a09117e13aedc96a4349c0.png"" width=""24"" aria-hidden=""true"">"
actionCopyFill.png,actionCopyFill.png,"<img style=""vertical-align: middle;"" src=""https://cdn.zapier.com/storage/photos/12a2db60e3489341efb00a735c1a7990.png"" width=""24"" aria-hidden=""true"">"
actionDownload.png,actionDownload.png,"<img style=""vertical-align: middle;"" src=""https://cdn.zapier.com/storage/photos/9d9e2f0ce4092551781a267557e93a65.png"" width=""24"" aria-hidden=""true"">"
actionDrag.png,actionDrag.png,"<img style=""vertical-align: middle;"" src=""https://cdn.zapier.com/storage/photos/32b91d30647f64496677e18005d54825.png"" width=""24"" aria-hidden=""true"">"
actionEdit.png,actionEdit.png,"<img style=""vertical-align: middle;"" src=""https://cdn.zapier.com/storage/photos/649a3c82786155ec1f844e1e870a74bf.png"" width=""24"" aria-hidden=""true"">"
actionEditCircle.png,actionEditCircle.png,"<img style=""vertical-align: middle;"" src=""https://cdn.zapier.com/storage/photos/b0abe4d6669684d07efe4342872ed8ba.png"" width=""24"" aria-hidden=""true"">"
actionEditCircleFill.png,actionEditCircleFill.png,"<img style=""vertical-align: middle;"" src=""https://cdn.zapier.com/storage/photos/3df69d6501e1571ab464775de17b6f89.png"" width=""24"" aria-hidden=""true"">"
actionEditFill.png,actionEditFill.png,"<img style=""vertical-align: middle;"" src=""https://cdn.zapier.com/storage/photos/616e60772f4c3867177ad54b51835b82.png"" width=""24"" aria-hidden=""true"">"
actionEditPlus.png,actionEditPlus.png,"<img style=""vertical-align: middle;"" src=""https://cdn.zapier.com/storage/photos/02c61d53f95be2661a90211d041c6552.png"" width=""24"" aria-hidden=""true"">"
actionEmail.png,actionEmail.png,"<img style=""vertical-align: middle;"" src=""https://cdn.zapier.com/storage/photos/5bb52a8fec2809b821ebf2454889c717.png"" width=""24"" aria-hidden=""true"">"
actionEmailFill.png,actionEmailFill.png,"<img style=""vertical-align: middle;"" src=""https://cdn.zapier.com/storage/photos/2164669c81613d617e4c59ca28d29183.png"" width=""24"" aria-hidden=""true"">"
actionExplore.png,actionExplore.png,"<img style=""vertical-align: middle;"" src=""https://cdn.zapier.com/storage/photos/98ec073b88934284b94aa62c5247ad2b.png"" width=""24"" aria-hidden=""true"">"
actionExploreFill.png,actionExploreFill.png,"<img style=""vertical-align: middle;"" src=""https://cdn.zapier.com/storage/photos/ae87760e2eb2025605309766f241fab8.png"" width=""24"" aria-hidden=""true"">"
actionFilter.png,actionFilter.png,"<img style=""vertical-align: middle;"" src=""https://cdn.zapier.com/storage/photos/0802292df5621a80751423efcd74629c.png"" width=""24"" aria-hidden=""true"">"
actionFlag.png,actionFlag.png,"<img style=""vertical-align: middle;"" src=""https://cdn.zapier.com/storage/photos/c311b7262592a48d09d56319069c6689.png"" width=""24"" aria-hidden=""true"">"
actionFlagFill.png,actionFlagFill.png,"<img style=""vertical-align: middle;"" src=""https://cdn.zapier.com/storage/photos/bbb64e1c5f0730371f033382c3ac69a0.png"" width=""24"" aria-hidden=""true"">"
actionInsert.png,actionInsert.png,"<img style=""vertical-align: middle;"" src=""https://cdn.zapier.com/storage/photos/c0c00a4360f1f8d8372f09670f2e7da5.png"" width=""24"" aria-hidden=""true"">"
actionLink.png,actionLink.png,"<img style=""vertical-align: middle;"" src=""https://cdn.zapier.com/storage/photos/baa5b3a64988a15f0dc8497c52ec257b.png"" width=""24"" aria-hidden=""true"">"
actionLock.png,actionLock.png,"<img style=""vertical-align: middle;"" src=""https://cdn.zapier.com/storage/photos/9efbd2091ca88be6bfa0febc749e7cf9.png"" width=""24"" aria-hidden=""true"">"
actionLockFill.png,actionLockFill.png,"<img style=""vertical-align: middle;"" src=""https://cdn.zapier.com/storage/photos/72064fa68f1e2000d989a6bc9c329abd.png"" width=""24"" aria-hidden=""true"">"
actionMoveToFolder.png,actionMoveToFolder.png,"<img style=""vertical-align: middle;"" src=""https://cdn.zapier.com/storage/photos/e0986a7e2f57e63dc48bf860144b8c8e.png"" width=""24"" aria-hidden=""true"">"
actionMoveToFolderFill.png,actionMoveToFolderFill.png,"<img style=""vertical-align: middle;"" src=""https://cdn.zapier.com/storage/photos/135210c36fbe98d842c170c06d5a7a8a.png"" width=""24"" aria-hidden=""true"">"
actionPhoto.png,actionPhoto.png,"<img style=""vertical-align: middle;"" src=""https://cdn.zapier.com/storage/photos/9122fd96f8dd638ad2f90d33ae57d27b.png"" width=""24"" aria-hidden=""true"">"
actionPhotoFill.png,actionPhotoFill.png,"<img style=""vertical-align: middle;"" src=""https://cdn.zapier.com/storage/photos/0c5603c2c2fc5a9d44bac9c59951773c.png"" width=""24"" aria-hidden=""true"">"
actionPin.png,actionPin.png,"<img style=""vertical-align: middle;"" src=""https://cdn.zapier.com/storage/photos/de0bee83e7344532dbd2ab5df8ff791b.png"" width=""24"" aria-hidden=""true"">"
actionPinFill.png,actionPinFill.png,"<img style=""vertical-align: middle;"" src=""https://cdn.zapier.com/storage/photos/3809b5b0467261a0e4267c19fbb5235e.png"" width=""24"" aria-hidden=""true"">"
actionPlay.png,actionPlay.png,"<img style=""vertical-align: middle;"" src=""https://cdn.zapier.com/storage/photos/cf39dcfff95d5bba0892d167e30f87a6.png"" width=""24"" aria-hidden=""true"">"
actionPlayFill.png,actionPlayFill.png,"<img style=""vertical-align: middle;"" src=""https://cdn.zapier.com/storage/photos/2265ebb57885e6d41a6d2dd427079e96.png"" width=""24"" aria-hidden=""true"">"
actionRename.png,actionRename.png,"<img style=""vertical-align: middle;"" src=""https://cdn.zapier.com/storage/photos/eaffbd9f968c19d8e262f650fe74e180.png"" width=""24"" aria-hidden=""true"">"
actionRenameFill.png,actionRenameFill.png,"<img style=""vertical-align: middle;"" src=""https://cdn.zapier.com/storage/photos/9b2fdd30598fb620af014a6f91de191e.png"" width=""24"" aria-hidden=""true"">"
actionResend.png,actionResend.png,"<img style=""vertical-align: middle;"" src=""https://cdn.zapier.com/storage/photos/5dbb0701b99add3ef4452933414da3a0.png"" width=""24"" aria-hidden=""true"">"
actionResendFill.png,actionResendFill.png,"<img style=""vertical-align: middle;"" src=""https://cdn.zapier.com/storage/photos/480703470bb0f5638ed72de0e910cfc0.png"" width=""24"" aria-hidden=""true"">"
actionSend.png,actionSend.png,"<img style=""vertical-align: middle;"" src=""https://cdn.zapier.com/storage/photos/0d59eb5a314eb2798cb8cf3c7774aa6c.png"" width=""24"" aria-hidden=""true"">"
actionSendFill.png,actionSendFill.png,"<img style=""vertical-align: middle;"" src=""https://cdn.zapier.com/storage/photos/36b1ce321682659ce0fe1349bee1fa43.png"" width=""24"" aria-hidden=""true"">"
actionShare.png,actionShare.png,"<img style=""vertical-align: middle;"" src=""https://cdn.zapier.com/storage/photos/7256d5cb56cc7b3aef8cf2af5eefb0f8.png"" width=""24"" aria-hidden=""true"">"
actionShareFill.png,actionShareFill.png,"<img style=""vertical-align: middle;"" src=""https://cdn.zapier.com/storage/photos/cc949df69148f1512e39d7848a145b5d.png"" width=""24"" aria-hidden=""true"">"
actionSwitchAccount.png,actionSwitchAccount.png,"<img style=""vertical-align: middle;"" src=""https://cdn.zapier.com/storage/photos/0b90bc5ea890ed10e336d1b09ee47878.png"" width=""24"" aria-hidden=""true"">"
actionSwitchAccountFill.png,actionSwitchAccountFill.png,"<img style=""vertical-align: middle;"" src=""https://cdn.zapier.com/storage/photos/6d577c8da515ecb2817043c03f0324f2.png"" width=""24"" aria-hidden=""true"">"
actionTrash.png,actionTrash.png,"<img style=""vertical-align: middle;"" src=""https://cdn.zapier.com/storage/photos/2e5e53fe84475a03f9d12b90368403eb.png"" width=""24"" aria-hidden=""true"">"
actionTrashFill.png,actionTrashFill.png,"<img style=""vertical-align: middle;"" src=""https://cdn.zapier.com/storage/photos/78891c6d54b161a38cbed3ede31118af.png"" width=""24"" aria-hidden=""true"">"
zapDetails.png,zapDetails.png,"<img style=""vertical-align: middle;"" src=""https://cdn.zapier.com/storage/photos/632de24c20ffae55d1486012de4d83c7.png"" width=""24"" aria-hidden=""true"">"
zapDetailsFill.png,zapDetailsFill.png,"<img style=""vertical-align: middle;"" src=""https://cdn.zapier.com/storage/photos/9c0d021f337c3c08f3b5565ec374aa08.png"" width=""24"" aria-hidden=""true"">"
actionCompare.png,actionCompare.png,"<img style=""vertical-align: middle;"" src=""https://cdn.zapier.com/storage/photos/968dea35d7fac86518c22e294999dd6a.png"" width=""24"" aria-hidden=""true"">"
alertCircle.png,alertCircle.png,"<img style=""vertical-align: middle;"" src=""https://cdn.zapier.com/storage/photos/f24dbb0edc093cbc288c32faac8d9a14.png"" width=""24"" aria-hidden=""true"">"
alertCircleColor.png,alertCircleColor.png,"<img style=""vertical-align: middle;"" src=""https://cdn.zapier.com/storage/photos/d313ab5aabcb692853bb4a8c8fd0d298.png"" width=""24"" aria-hidden=""true"">"
alertCircleFill.png,alertCircleFill.png,"<img style=""vertical-align: middle;"" src=""https://cdn.zapier.com/storage/photos/9de84813ec88a1a289eeb6d4232fdf69.png"" width=""24"" aria-hidden=""true"">"
alertInfo.png,alertInfo.png,"<img style=""vertical-align: middle;"" src=""https://cdn.zapier.com/storage/photos/87742841e9958435e18f5fd83bc7d0aa.png"" width=""24"" aria-hidden=""true"">"
alertInfoFill.png,alertInfoFill.png,"<img style=""vertical-align: middle;"" src=""https://cdn.zapier.com/storage/photos/f513e40d0a0820e02ce7252234a7e566.png"" width=""24"" aria-hidden=""true"">"
alertTriangle.png,alertTriangle.png,"<img style=""vertical-align: middle;"" src=""https://cdn.zapier.com/storage/photos/a01aaf8b7d618fe1b1a75ba766bda712.png"" width=""24"" aria-hidden=""true"">"
alertTriangleFill.png,alertTriangleFill.png,"<img style=""vertical-align: middle;"" src=""https://cdn.zapier.com/storage/photos/8d8d8efa90b12183539d3951ed1c4a7b.png"" width=""24"" aria-hidden=""true"">"
arrowBigDown.png,arrowBigDown.png,"<img style=""vertical-align: middle;"" src=""https://cdn.zapier.com/storage/photos/f596f26128d01efe179c4340f0d17f84.png"" width=""24"" aria-hidden=""true"">"
arrowBigLeft.png,arrowBigLeft.png,"<img style=""vertical-align: middle;"" src=""https://cdn.zapier.com/storage/photos/6c8dd6426563327c808634b90badea0f.png"" width=""24"" aria-hidden=""true"">"
arrowBigRight.png,arrowBigRight.png,"<img style=""vertical-align: middle;"" src=""https://cdn.zapier.com/storage/photos/74636df6f450a3f5e8d4082588523f1b.png"" width=""24"" aria-hidden=""true"">"
arrowBigUp.png,arrowBigUp.png,"<img style=""vertical-align: middle;"" src=""https://cdn.zapier.com/storage/photos/7b756b685e0e7f9759e8f7e1ed700aca.png"" width=""24"" aria-hidden=""true"">"
arrowBranch.png,arrowBranch.png,"<img style=""vertical-align: middle;"" src=""https://cdn.zapier.com/storage/photos/0ab5983f080a8392de9dad3d2b048d49.png"" width=""24"" aria-hidden=""true"">"
arrowCode.png,arrowCode.png,"<img style=""vertical-align: middle;"" src=""https://cdn.zapier.com/storage/photos/92aaa5374905a266b7fab3d2e20888a7.png"" width=""24"" aria-hidden=""true"">"
arrowCodeDots.png,arrowCodeDots.png,"<img style=""vertical-align: middle;"" src=""https://cdn.zapier.com/storage/photos/5882879121618f2f8fc30f5ac18be57e.png"" width=""24"" aria-hidden=""true"">"
arrowConnect.png,arrowConnect.png,"<img style=""vertical-align: middle;"" src=""https://cdn.zapier.com/storage/photos/41b593798a9e2a7b5f04bbef6540f03e.png"" width=""24"" aria-hidden=""true"">"
arrowDropdown.png,arrowDropdown.png,"<img style=""vertical-align: middle;"" src=""https://cdn.zapier.com/storage/photos/0b3584d536f09aadc17b1176e3f4e79d.png"" width=""24"" aria-hidden=""true"">"
arrowDropdownCircle.png,arrowDropdownCircle.png,"<img style=""vertical-align: middle;"" src=""https://cdn.zapier.com/storage/photos/ab2a288179d638478fa589958eae4c1e.png"" width=""24"" aria-hidden=""true"">"
arrowExit.png,arrowExit.png,"<img style=""vertical-align: middle;"" src=""https://cdn.zapier.com/storage/photos/8fe4fd73fb5c0cda95dd156d46de7db9.png"" width=""24"" aria-hidden=""true"">"
arrowLineLeft.png,arrowLineLeft.png,"<img style=""vertical-align: middle;"" src=""https://cdn.zapier.com/storage/photos/ecfa035ee4dff1ca0b4cbb5efbec6198.png"" width=""24"" aria-hidden=""true"">"
arrowLineRight.png,arrowLineRight.png,"<img style=""vertical-align: middle;"" src=""https://cdn.zapier.com/storage/photos/d30e0bc9efd1f33bea574b44d44902ab.png"" width=""24"" aria-hidden=""true"">"
arrowOffsite.png,arrowOffsite.png,"<img style=""vertical-align: middle;"" src=""https://cdn.zapier.com/storage/photos/35e370ad2d3aaf12dd34b5c5740817fa.png"" width=""24"" aria-hidden=""true"">"
arrowRedo.png,arrowRedo.png,"<img style=""vertical-align: middle;"" src=""https://cdn.zapier.com/storage/photos/6f74e02e992db463bbf05036e92716bf.png"" width=""24"" aria-hidden=""true"">"
arrowRefresh.png,arrowRefresh.png,"<img style=""vertical-align: middle;"" src=""https://cdn.zapier.com/storage/photos/79eff704a775433ff35a8e0e8fda78c8.png"" width=""24"" aria-hidden=""true"">"
arrowSmallDown.png,arrowSmallDown.png,"<img style=""vertical-align: middle;"" src=""https://cdn.zapier.com/storage/photos/9f549e9320881f1dcda37fce73ace8ca.png"" width=""24"" aria-hidden=""true"">"
arrowSmallLeft.png,arrowSmallLeft.png,"<img style=""vertical-align: middle;"" src=""https://cdn.zapier.com/storage/photos/213b77fabe2b2f680d80565dcd5dfb11.png"" width=""24"" aria-hidden=""true"">"
arrowSmallRight.png,arrowSmallRight.png,"<img style=""vertical-align: middle;"" src=""https://cdn.zapier.com/storage/photos/7bc2378d2fd3af8934e5969ba3fd047b.png"" width=""24"" aria-hidden=""true"">"
arrowSmallUp.png,arrowSmallUp.png,"<img style=""vertical-align: middle;"" src=""https://cdn.zapier.com/storage/photos/9fc11c38be8433c687ef54ace5be16a3.png"" width=""24"" aria-hidden=""true"">"
arrowUndo.png,arrowUndo.png,"<img style=""vertical-align: middle;"" src=""https://cdn.zapier.com/storage/photos/4c6609e80d6360e1283a50ac574b5154.png"" width=""24"" aria-hidden=""true"">"
arrowZoom.png,arrowZoom.png,"<img style=""vertical-align: middle;"" src=""https://cdn.zapier.com/storage/photos/8a96aec5f3b3071f4e05a6ce33150fc5.png"" width=""24"" aria-hidden=""true"">"
autoLayout.svg,autoLayout.svg,"<img style=""vertical-align: middle;"" src=""https://cdn.zapier.com/storage/files/68988f9794c4df0a49698358d5cc42b0.svg"" width=""24"" aria-hidden=""true"">"
canvasAddComments.svg,canvasAddComments.svg,"<img style=""vertical-align: middle;"" src=""https://cdn.zapier.com/storage/files/8bf060d2f0cfbdad24c4db9682d9d974.svg"" width=""24"" aria-hidden=""true"">"
canvasConnect.svg,canvasConnect.svg,"<img style=""vertical-align: middle;"" src=""https://cdn.zapier.com/storage/files/c1dbc0f17b8f41530bce0d0d28e73d65.svg"" width=""24"" aria-hidden=""true"">"
canvasUserCursors.svg,canvasUserCursors.svg,"<img style=""vertical-align: middle;"" src=""https://cdn.zapier.com/storage/files/f865724897eaab4f8b9b3ff7a791f059.svg"" width=""24"" aria-hidden=""true"">"
group.png,group.png,"<img style=""vertical-align: middle;"" src=""https://cdn.zapier.com/storage/photos/dffa316a19c76f3d3f46eddc97bef29e.png"" width=""24"" aria-hidden=""true"">"
group.svg,group.svg,"<img style=""vertical-align: middle;"" src=""https://cdn.zapier.com/storage/files/0049e766e03c3f35eea0efea119a85e6.svg"" width=""24"" aria-hidden=""true"">"
userCursor.png,userCursor.png,"<img style=""vertical-align: middle;"" src=""https://cdn.zapier.com/storage/photos/c89b2ed74e3086ca8159eaff3dcd7c8b.png"" width=""24"" aria-hidden=""true"">"
commentAdd.png,commentAdd.png,"<img style=""vertical-align: middle;"" src=""https://cdn.zapier.com/storage/photos/63458b6e9e2fa6cb97fceb04ee0b912f.png"" width=""24"" aria-hidden=""true"">"
commentAddFill.png,commentAddFill.png,"<img style=""vertical-align: middle;"" src=""https://cdn.zapier.com/storage/photos/a11e906ce10defeb9e0d7804f4431fd2.png"" width=""24"" aria-hidden=""true"">"
commentBlank.png,commentBlank.png,"<img style=""vertical-align: middle;"" src=""https://cdn.zapier.com/storage/photos/5b5f22c0e6cd68c62c24b14e86b58bc5.png"" width=""24"" aria-hidden=""true"">"
commentBlankFill.png,commentBlankFill.png,"<img style=""vertical-align: middle;"" src=""https://cdn.zapier.com/storage/photos/f46f134116c745c400faf0b392cb6c26.png"" width=""24"" aria-hidden=""true"">"
commentConvo.png,commentConvo.png,"<img style=""vertical-align: middle;"" src=""https://cdn.zapier.com/storage/photos/f4bbdde55842b654314e3068a3ed904c.png"" width=""24"" aria-hidden=""true"">"
commentConvoFill.png,commentConvoFill.png,"<img style=""vertical-align: middle;"" src=""https://cdn.zapier.com/storage/photos/6d992bcf19f8372dd5c8ac1a1d068d64.png"" width=""24"" aria-hidden=""true"">"
commentFilled.png,commentFilled.png,"<img style=""vertical-align: middle;"" src=""https://cdn.zapier.com/storage/photos/8d56dd27bc7040a2d1e116777f928dcf.png"" width=""24"" aria-hidden=""true"">"
commentFilledFill.png,commentFilledFill.png,"<img style=""vertical-align: middle;"" src=""https://cdn.zapier.com/storage/photos/5334c40ac3771615d5934f7efc16c4b3.png"" width=""24"" aria-hidden=""true"">"
commentWaiting.png,commentWaiting.png,"<img style=""vertical-align: middle;"" src=""https://cdn.zapier.com/storage/photos/fd441230ac28bbbc9c2d10bb7c1d0fb9.png"" width=""24"" aria-hidden=""true"">"
commentWaitingFill.png,commentWaitingFill.png,"<img style=""vertical-align: middle;"" src=""https://cdn.zapier.com/storage/photos/4a0269f65df20c71569719f3e19f8fd9.png"" width=""24"" aria-hidden=""true"">"
fileAdd.png,fileAdd.png,"<img style=""vertical-align: middle;"" src=""https://cdn.zapier.com/storage/photos/71a3fcc4622979ef6f58d45026a06227.png"" width=""24"" aria-hidden=""true"">"
fileAddFill.png,fileAddFill.png,"<img style=""vertical-align: middle;"" src=""https://cdn.zapier.com/storage/photos/387495df76ccbd70911fd87aa1ac6b3f.png"" width=""24"" aria-hidden=""true"">"
fileFile.png,fileFile.png,"<img style=""vertical-align: middle;"" src=""https://cdn.zapier.com/storage/photos/39ae1a336e1c7a2e16980731ba17acc0.png"" width=""24"" aria-hidden=""true"">"
fileFileFill.png,fileFileFill.png,"<img style=""vertical-align: middle;"" src=""https://cdn.zapier.com/storage/photos/7629435fe25cf02042ad7feebe043637.png"" width=""24"" aria-hidden=""true"">"
fileFilled.png,fileFilled.png,"<img style=""vertical-align: middle;"" src=""https://cdn.zapier.com/storage/photos/e89b32e3fb00167ecf14876ff29d2355.png"" width=""24"" aria-hidden=""true"">"
fileFilledFill.png,fileFilledFill.png,"<img style=""vertical-align: middle;"" src=""https://cdn.zapier.com/storage/photos/92b33c34ca1ab05fb718a153a8f30fe4.png"" width=""24"" aria-hidden=""true"">"
fileGuide.png,fileGuide.png,"<img style=""vertical-align: middle;"" src=""https://cdn.zapier.com/storage/photos/fadc269a5303d55a68ef03dee6517b62.png"" width=""24"" aria-hidden=""true"">"
fileGuideFill.png,fileGuideFill.png,"<img style=""vertical-align: middle;"" src=""https://cdn.zapier.com/storage/photos/cec21cdf9e885a17e90792dbe9178533.png"" width=""24"" aria-hidden=""true"">"
formAdd.png,formAdd.png,"<img style=""vertical-align: middle;"" src=""https://cdn.zapier.com/storage/photos/5ac2aed78cb9cf13caa7d982ad4cd694.png"" width=""24"" aria-hidden=""true"">"
formAddCircle.png,formAddCircle.png,"<img style=""vertical-align: middle;"" src=""https://cdn.zapier.com/storage/photos/9df719012a475f4826151d5138b3692a.png"" width=""24"" aria-hidden=""true"">"
formAddCircleOutlined.png,formAddCircleOutlined.png,"<img style=""vertical-align: middle;"" src=""https://cdn.zapier.com/storage/photos/15efc7ad282e4485dc433598c9913510.png"" width=""24"" aria-hidden=""true"">"
formAddSquare.png,formAddSquare.png,"<img style=""vertical-align: middle;"" src=""https://cdn.zapier.com/storage/photos/5de50ae3e3b82b43557f77bbedbfecda.png"" width=""24"" aria-hidden=""true"">"
formAddSquareOutlined.png,formAddSquareOutlined.png,"<img style=""vertical-align: middle;"" src=""https://cdn.zapier.com/storage/photos/4093ea45f8f615c59906fee4fa11715a.png"" width=""24"" aria-hidden=""true"">"
formBlank.png,formBlank.png,"<img style=""vertical-align: middle;"" src=""https://cdn.zapier.com/storage/photos/54306a4655d417362a7e2b6cec6031ba.png"" width=""24"" aria-hidden=""true"">"
formCheck.png,formCheck.png,"<img style=""vertical-align: middle;"" src=""https://cdn.zapier.com/storage/photos/2011eb6db602e087fdc166dd186e3db0.png"" width=""24"" aria-hidden=""true"">"
formCheckCircle.png,formCheckCircle.png,"<img style=""vertical-align: middle;"" src=""https://cdn.zapier.com/storage/photos/d70f178125fd109bf4ffc3f282639d14.png"" width=""24"" aria-hidden=""true"">"
formCheckCircleOutlined.png,formCheckCircleOutlined.png,"<img style=""vertical-align: middle;"" src=""https://cdn.zapier.com/storage/photos/523610e288d371dfea3856cd6195c7f7.png"" width=""24"" aria-hidden=""true"">"
formCheckSquare.png,formCheckSquare.png,"<img style=""vertical-align: middle;"" src=""https://cdn.zapier.com/storage/photos/2c70cc545ec3cb333dfcc60f6fac6534.png"" width=""24"" aria-hidden=""true"">"
formCheckSquareOutlined.png,formCheckSquareOutlined.png,"<img style=""vertical-align: middle;"" src=""https://cdn.zapier.com/storage/photos/9c3cab951f1aa5727e35e191e4fdba87.png"" width=""24"" aria-hidden=""true"">"
formDash.png,formDash.png,"<img style=""vertical-align: middle;"" src=""https://cdn.zapier.com/storage/photos/2371f734bfde84c676841d87016a22d8.png"" width=""24"" aria-hidden=""true"">"
formDashCircle.png,formDashCircle.png,"<img style=""vertical-align: middle;"" src=""https://cdn.zapier.com/storage/photos/c655a946c926b472cfa7b1b66428b0ec.png"" width=""24"" aria-hidden=""true"">"
formDashCircleOutlined.png,formDashCircleOutlined.png,"<img style=""vertical-align: middle;"" src=""https://cdn.zapier.com/storage/photos/e6238626f3547e7bfedeea54bff35289.png"" width=""24"" aria-hidden=""true"">"
formDashSquare.png,formDashSquare.png,"<img style=""vertical-align: middle;"" src=""https://cdn.zapier.com/storage/photos/8f3b6e773f710a5464d640a5eef75d6b.png"" width=""24"" aria-hidden=""true"">"
formDashSquareOutlined.png,formDashSquareOutlined.png,"<img style=""vertical-align: middle;"" src=""https://cdn.zapier.com/storage/photos/06e397b55dd031f293808963283ffd48.png"" width=""24"" aria-hidden=""true"">"
formRadioCheck.png,formRadioCheck.png,"<img style=""vertical-align: middle;"" src=""https://cdn.zapier.com/storage/photos/d0e323a8e00306f25f944d41969428d1.png"" width=""24"" aria-hidden=""true"">"
formRadioDot.png,formRadioDot.png,"<img style=""vertical-align: middle;"" src=""https://cdn.zapier.com/storage/photos/affe4dbdad7c6afc6e0a846b659c18e1.png"" width=""24"" aria-hidden=""true"">"
formRadioUnchecked.png,formRadioUnchecked.png,"<img style=""vertical-align: middle;"" src=""https://cdn.zapier.com/storage/photos/ba7d4e4deafb4a47b6c373aa61b5f52a.png"" width=""24"" aria-hidden=""true"">"
formText.png,formText.png,"<img style=""vertical-align: middle;"" src=""https://cdn.zapier.com/storage/photos/daa32665599baa6607ce7f55e897dee2.png"" width=""24"" aria-hidden=""true"">"
formTextAlignCenter.png,formTextAlignCenter.png,"<img style=""vertical-align: middle;"" src=""https://cdn.zapier.com/storage/photos/928f03060b73932fade9485f3682e5d4.png"" width=""24"" aria-hidden=""true"">"
formTextAlignLeft.png,formTextAlignLeft.png,"<img style=""vertical-align: middle;"" src=""https://cdn.zapier.com/storage/photos/e9ad1354d7c5a6340d79a7c1141d20bd.png"" width=""24"" aria-hidden=""true"">"
formTextAlignRight.png,formTextAlignRight.png,"<img style=""vertical-align: middle;"" src=""https://cdn.zapier.com/storage/photos/e66e04114556b968efc043987d0d1e90.png"" width=""24"" aria-hidden=""true"">"
formTextLong.png,formTextLong.png,"<img style=""vertical-align: middle;"" src=""https://cdn.zapier.com/storage/photos/df677f060427f460597907ded05ccc21.png"" width=""24"" aria-hidden=""true"">"
formToggle.png,formToggle.png,"<img style=""vertical-align: middle;"" src=""https://cdn.zapier.com/storage/photos/f13b25ed3a2d9d0212c797384af9a7e5.png"" width=""24"" aria-hidden=""true"">"
formX.png,formX.png,"<img style=""vertical-align: middle;"" src=""https://cdn.zapier.com/storage/photos/2cbb83000ea8dddc618bf0152ab2dbc4.png"" width=""24"" aria-hidden=""true"">"
formXCircle.png,formXCircle.png,"<img style=""vertical-align: middle;"" src=""https://cdn.zapier.com/storage/photos/e267d92e4e3c331efdcb6ed40ade0813.png"" width=""24"" aria-hidden=""true"">"
formXCircleOutlined.png,formXCircleOutlined.png,"<img style=""vertical-align: middle;"" src=""https://cdn.zapier.com/storage/photos/cce79dc1c528f50313601908d5797412.png"" width=""24"" aria-hidden=""true"">"
misc-pin.png,misc-pin.png,"<img style=""vertical-align: middle;"" src=""https://cdn.zapier.com/storage/photos/3a9dd911db1db63ee1a5069a33b57439.png"" width=""24"" aria-hidden=""true"">"
misc-pin.png,misc-pin.png,"<img style=""vertical-align: middle;"" src=""https://cdn.zapier.com/storage/photos/a9ed8dc8bdd4edc495a2ac3adea00495.png"" width=""24"" aria-hidden=""true"">"
miscAI.png,miscAI.png,"<img style=""vertical-align: middle;"" src=""https://cdn.zapier.com/storage/photos/b2471573e500320eb18b734a46ef25fa.png"" width=""24"" aria-hidden=""true"">"
miscAIChatbot.png,miscAIChatbot.png,"<img style=""vertical-align: middle;"" src=""https://cdn.zapier.com/storage/photos/d2e2a22c5044139b0e71cd9046486010.png"" width=""24"" aria-hidden=""true"">"
miscBolt.png,miscBolt.png,"<img style=""vertical-align: middle;"" src=""https://cdn.zapier.com/storage/photos/fea4729a94b58427bf8fbc0ecc41f917.png"" width=""24"" aria-hidden=""true"">"
miscBoltAlt.png,miscBoltAlt.png,"<img style=""vertical-align: middle;"" src=""https://cdn.zapier.com/storage/photos/154128c6e4767a2b1ea4db085bea0c11.png"" width=""24"" aria-hidden=""true"">"
miscBoltAltFill.png,miscBoltAltFill.png,"<img style=""vertical-align: middle;"" src=""https://cdn.zapier.com/storage/photos/a7ca73fa1130c876644d0719c92d5538.png"" width=""24"" aria-hidden=""true"">"
miscBoltFill.png,miscBoltFill.png,"<img style=""vertical-align: middle;"" src=""https://cdn.zapier.com/storage/photos/74d8a539b3c218bac02ef1b828357859.png"" width=""24"" aria-hidden=""true"">"
miscBoltOutlined.png,miscBoltOutlined.png,"<img style=""vertical-align: middle;"" src=""https://cdn.zapier.com/storage/photos/998f5381dc2ce955dab25fe5b2c4675d.png"" width=""24"" aria-hidden=""true"">"
miscClock.png,miscClock.png,"<img style=""vertical-align: middle;"" src=""https://cdn.zapier.com/storage/photos/8aeb328e01a50022821101e080183443.png"" width=""24"" aria-hidden=""true"">"
miscClockFill.png,miscClockFill.png,"<img style=""vertical-align: middle;"" src=""https://cdn.zapier.com/storage/photos/55d3311e53d98669e92da9fff57642ae.png"" width=""24"" aria-hidden=""true"">"
miscCloud.png,miscCloud.png,"<img style=""vertical-align: middle;"" src=""https://cdn.zapier.com/storage/photos/d4dd84c251579c6de8c4e1c38756a430.png"" width=""24"" aria-hidden=""true"">"
miscCloudCheck.png,miscCloudCheck.png,"<img style=""vertical-align: middle;"" src=""https://cdn.zapier.com/storage/photos/6bfba89237453703f10c2c57b2017720.png"" width=""24"" aria-hidden=""true"">"
miscCloudCheckFill.png,miscCloudCheckFill.png,"<img style=""vertical-align: middle;"" src=""https://cdn.zapier.com/storage/photos/574988ec915d90836e7e2d334a355d9d.png"" width=""24"" aria-hidden=""true"">"
miscCloudFill.png,miscCloudFill.png,"<img style=""vertical-align: middle;"" src=""https://cdn.zapier.com/storage/photos/dd4351d6690cecb55727c8e0f03aeba1.png"" width=""24"" aria-hidden=""true"">"
miscColor.png,miscColor.png,"<img style=""vertical-align: middle;"" src=""https://cdn.zapier.com/storage/photos/f099956bc71c56c31592cd64e7d6987e.png"" width=""24"" aria-hidden=""true"">"
miscColorFill.png,miscColorFill.png,"<img style=""vertical-align: middle;"" src=""https://cdn.zapier.com/storage/photos/38f1282f54aa737851039867e5e49a47.png"" width=""24"" aria-hidden=""true"">"
miscCookie.png,miscCookie.png,"<img style=""vertical-align: middle;"" src=""https://cdn.zapier.com/storage/photos/6e87866839c6e6a8764dcdabb3a57801.png"" width=""24"" aria-hidden=""true"">"
miscCookieFill.png,miscCookieFill.png,"<img style=""vertical-align: middle;"" src=""https://cdn.zapier.com/storage/photos/fb91c3f931a63a17f8a0c3da81e9eab1.png"" width=""24"" aria-hidden=""true"">"
miscCreditCard.png,miscCreditCard.png,"<img style=""vertical-align: middle;"" src=""https://cdn.zapier.com/storage/photos/36f259d27618dc8fb6bd2b022c1517e3.png"" width=""24"" aria-hidden=""true"">"
miscCreditCardFill.png,miscCreditCardFill.png,"<img style=""vertical-align: middle;"" src=""https://cdn.zapier.com/storage/photos/f8293e6c4c129d161b0acfb7ca0ab5c7.png"" width=""24"" aria-hidden=""true"">"
miscDollar.png,miscDollar.png,"<img style=""vertical-align: middle;"" src=""https://cdn.zapier.com/storage/photos/89819e9b02c55ce3029d295de6117d37.png"" width=""24"" aria-hidden=""true"">"
miscEye.png,miscEye.png,"<img style=""vertical-align: middle;"" src=""https://cdn.zapier.com/storage/photos/335619ab6472fe1fefab18d493cb39bf.png"" width=""24"" aria-hidden=""true"">"
miscEyeClosed.png,miscEyeClosed.png,"<img style=""vertical-align: middle;"" src=""https://cdn.zapier.com/storage/photos/338323a13c4cb14c8ad1cd1d29b64cd9.png"" width=""24"" aria-hidden=""true"">"
miscEyeFill.png,miscEyeFill.png,"<img style=""vertical-align: middle;"" src=""https://cdn.zapier.com/storage/photos/a15a91fe8195059535ea5ce1933207a5.png"" width=""24"" aria-hidden=""true"">"
miscFingerprint.png,miscFingerprint.png,"<img style=""vertical-align: middle;"" src=""https://cdn.zapier.com/storage/photos/5e00619e4746a59ce08a95a49f51df59.png"" width=""24"" aria-hidden=""true"">"
miscFire.png,miscFire.png,"<img style=""vertical-align: middle;"" src=""https://cdn.zapier.com/storage/photos/693a0bbe8f8a71b4ae285d6dbfc088c1.png"" width=""24"" aria-hidden=""true"">"
miscFireFill.png,miscFireFill.png,"<img style=""vertical-align: middle;"" src=""https://cdn.zapier.com/storage/photos/331c1ad9307ccac70bdb3b663d44fde9.png"" width=""24"" aria-hidden=""true"">"
miscGraph.png,miscGraph.png,"<img style=""vertical-align: middle;"" src=""https://cdn.zapier.com/storage/photos/69cf365beb317cf9f6e163063312be2a.png"" width=""24"" aria-hidden=""true"">"
miscGraphBox.png,miscGraphBox.png,"<img style=""vertical-align: middle;"" src=""https://cdn.zapier.com/storage/photos/9a5778b6c48e513ceb8594de95cfeaa2.png"" width=""24"" aria-hidden=""true"">"
miscGraphBoxFill.png,miscGraphBoxFill.png,"<img style=""vertical-align: middle;"" src=""https://cdn.zapier.com/storage/photos/5eb6790013fe640416b3de8d90cab8d0.png"" width=""24"" aria-hidden=""true"">"
miscHand.png,miscHand.png,"<img style=""vertical-align: middle;"" src=""https://cdn.zapier.com/storage/photos/46951d7c97555b18e08d768832a84086.png"" width=""24"" aria-hidden=""true"">"
miscHandFill.png,miscHandFill.png,"<img style=""vertical-align: middle;"" src=""https://cdn.zapier.com/storage/photos/95069bd0c02bedf379e0c04d680c4a47.png"" width=""24"" aria-hidden=""true"">"
miscHeadset.png,miscHeadset.png,"<img style=""vertical-align: middle;"" src=""https://cdn.zapier.com/storage/photos/dec8e881ec30c16fc2a4698b2ca5f0fe.png"" width=""24"" aria-hidden=""true"">"
miscHeadsetFill.png,miscHeadsetFill.png,"<img style=""vertical-align: middle;"" src=""https://cdn.zapier.com/storage/photos/462d0fb0c71ff2c5ee3629afa19de4dd.png"" width=""24"" aria-hidden=""true"">"
miscLearn.png,miscLearn.png,"<img style=""vertical-align: middle;"" src=""https://cdn.zapier.com/storage/photos/90d5a25e6af96904ad7633c87eb6e48e.png"" width=""24"" aria-hidden=""true"">"
miscLearnFill.png,miscLearnFill.png,"<img style=""vertical-align: middle;"" src=""https://cdn.zapier.com/storage/photos/31aa9027a4e833ef91cc9cef88b80954.png"" width=""24"" aria-hidden=""true"">"
miscList.png,miscList.png,"<img style=""vertical-align: middle;"" src=""https://cdn.zapier.com/storage/photos/c5d61464ee67185229cc7ad2a49bffa8.png"" width=""24"" aria-hidden=""true"">"
miscMic.png,miscMic.png,"<img style=""vertical-align: middle;"" src=""https://cdn.zapier.com/storage/photos/8607269f05f72c2bd4fe427b2310ead1.png"" width=""24"" aria-hidden=""true"">"
miscMicFill.png,miscMicFill.png,"<img style=""vertical-align: middle;"" src=""https://cdn.zapier.com/storage/photos/2ed9477f648239e3771b4dea8b5cd622.png"" width=""24"" aria-hidden=""true"">"
miscPie.png,miscPie.png,"<img style=""vertical-align: middle;"" src=""https://cdn.zapier.com/storage/photos/91344cba4d74c23c0fb65fc92fbc17fe.png"" width=""24"" aria-hidden=""true"">"
miscPieFill.png,miscPieFill.png,"<img style=""vertical-align: middle;"" src=""https://cdn.zapier.com/storage/photos/3a19dabc3c1ac65c6978b1be1775b68a.png"" width=""24"" aria-hidden=""true"">"
miscPinFill.png,miscPinFill.png,"<img style=""vertical-align: middle;"" src=""https://cdn.zapier.com/storage/photos/9498281d7d43a6dfef10871833c45a5c.png"" width=""24"" aria-hidden=""true"">"
miscSecurity.png,miscSecurity.png,"<img style=""vertical-align: middle;"" src=""https://cdn.zapier.com/storage/photos/7bf5fcadd0bc0b5abddcb269a29d039b.png"" width=""24"" aria-hidden=""true"">"
miscSecurityFill.png,miscSecurityFill.png,"<img style=""vertical-align: middle;"" src=""https://cdn.zapier.com/storage/photos/1bf1295f534c533d8fe45e4c7b124015.png"" width=""24"" aria-hidden=""true"">"
miscSteps.png,miscSteps.png,"<img style=""vertical-align: middle;"" src=""https://cdn.zapier.com/storage/photos/5c58a31bae93eb5e581566489d8548b7.png"" width=""24"" aria-hidden=""true"">"
miscSteps1.png,miscSteps1.png,"<img style=""vertical-align: middle;"" src=""https://cdn.zapier.com/storage/photos/e3fcd2b72be4f2e3ac3ba55fd0d65aa2.png"" width=""24"" aria-hidden=""true"">"
miscSteps2.png,miscSteps2.png,"<img style=""vertical-align: middle;"" src=""https://cdn.zapier.com/storage/photos/3b1d0553f1ab151a2806a65edf8d73e7.png"" width=""24"" aria-hidden=""true"">"
miscSteps3.png,miscSteps3.png,"<img style=""vertical-align: middle;"" src=""https://cdn.zapier.com/storage/photos/2e7b5325adea68470cf4b056ee315a40.png"" width=""24"" aria-hidden=""true"">"
miscStepsAlt.png,miscStepsAlt.png,"<img style=""vertical-align: middle;"" src=""https://cdn.zapier.com/storage/photos/bd728ac21241fe9631ccb2197030360b.png"" width=""24"" aria-hidden=""true"">"
miscStepsFill.png,miscStepsFill.png,"<img style=""vertical-align: middle;"" src=""https://cdn.zapier.com/storage/photos/19e9f3fcb4910aa6cc4831888e5d1bf5.png"" width=""24"" aria-hidden=""true"">"
miscTimelapse.png,miscTimelapse.png,"<img style=""vertical-align: middle;"" src=""https://cdn.zapier.com/storage/photos/c66f1cf84b4e07670acbdeee310424c7.png"" width=""24"" aria-hidden=""true"">"
miscUptime.png,miscUptime.png,"<img style=""vertical-align: middle;"" src=""https://cdn.zapier.com/storage/photos/287849c444bc29b80cea502bae310005.png"" width=""24"" aria-hidden=""true"">"
miscUptimeFill.png,miscUptimeFill.png,"<img style=""vertical-align: middle;"" src=""https://cdn.zapier.com/storage/photos/8b6f70d843b7b9928cf8d9caddbd83ac.png"" width=""24"" aria-hidden=""true"">"
miscWallet.png,miscWallet.png,"<img style=""vertical-align: middle;"" src=""https://cdn.zapier.com/storage/photos/0d7449b1ff0af687cc2366e1ffbec3c7.png"" width=""24"" aria-hidden=""true"">"
miscWalletFill.png,miscWalletFill.png,"<img style=""vertical-align: middle;"" src=""https://cdn.zapier.com/storage/photos/eea2fc59b9f03ffad37968fa418f99a6.png"" width=""24"" aria-hidden=""true"">"
miscWorld.png,miscWorld.png,"<img style=""vertical-align: middle;"" src=""https://cdn.zapier.com/storage/photos/517eec636c6cd85aa46e9a0683a2fbea.png"" width=""24"" aria-hidden=""true"">"
miscWorldFill.png,miscWorldFill.png,"<img style=""vertical-align: middle;"" src=""https://cdn.zapier.com/storage/photos/9463604d8ddd96c78bef815529a5da20.png"" width=""24"" aria-hidden=""true"">"
navAIChatbot.png,navAIChatbot.png,"<img style=""vertical-align: middle;"" src=""https://cdn.zapier.com/storage/photos/f99460cef9510d12a27678f3079120da.png"" width=""24"" aria-hidden=""true"">"
navApps.png,navApps.png,"<img style=""vertical-align: middle;"" src=""https://cdn.zapier.com/storage/photos/b59c6a742ff1197fdea9096bec3b5857.png"" width=""24"" aria-hidden=""true"">"
navAppsFill.png,navAppsFill.png,"<img style=""vertical-align: middle;"" src=""https://cdn.zapier.com/storage/photos/d18c12e03ba4000c035e4b274456fdfa.png"" width=""24"" aria-hidden=""true"">"
navBell.png,navBell.png,"<img style=""vertical-align: middle;"" src=""https://cdn.zapier.com/storage/photos/8130c247ac619bcd385fb061411154c2.png"" width=""24"" aria-hidden=""true"">"
navBellFill.png,navBellFill.png,"<img style=""vertical-align: middle;"" src=""https://cdn.zapier.com/storage/photos/b54e452bd05a78c37ec4b6ba383b265e.png"" width=""24"" aria-hidden=""true"">"
navBlog.png,navBlog.png,"<img style=""vertical-align: middle;"" src=""https://cdn.zapier.com/storage/photos/d71ebe21423cb45c89ef6279d04ce8e9.png"" width=""24"" aria-hidden=""true"">"
navBlogFill.png,navBlogFill.png,"<img style=""vertical-align: middle;"" src=""https://cdn.zapier.com/storage/photos/cc34f097dbb4cb48d17ff095991610a0.png"" width=""24"" aria-hidden=""true"">"
navBriefcase.png,navBriefcase.png,"<img style=""vertical-align: middle;"" src=""https://cdn.zapier.com/storage/photos/4611ff632bf676b978323398c5189fb0.png"" width=""24"" aria-hidden=""true"">"
navBriefcaseFill.png,navBriefcaseFill.png,"<img style=""vertical-align: middle;"" src=""https://cdn.zapier.com/storage/photos/1cb1672da1295a50c5661d2de51cf88f.png"" width=""24"" aria-hidden=""true"">"
navCanvas.png,navCanvas.png,"<img style=""vertical-align: middle;"" src=""https://cdn.zapier.com/storage/photos/11c54f896133722b6b22e9328e8af2dc.png"" width=""24"" aria-hidden=""true"">"
navCentral.png,navCentral.png,"<img style=""vertical-align: middle;"" src=""https://cdn.zapier.com/storage/photos/a705a3ca7670587ad5db76c94bb55b60.png"" width=""24"" aria-hidden=""true"">"
navCog.png,navCog.png,"<img style=""vertical-align: middle;"" src=""https://cdn.zapier.com/storage/photos/3451c46a93d480da52444589a8fc84ff.png"" width=""24"" aria-hidden=""true"">"
navCogFill.png,navCogFill.png,"<img style=""vertical-align: middle;"" src=""https://cdn.zapier.com/storage/photos/1397c67b31689803185dca4e04858e37.png"" width=""24"" aria-hidden=""true"">"
navConnectedAssets.png,navConnectedAssets.png,"<img style=""vertical-align: middle;"" src=""https://cdn.zapier.com/storage/photos/57dc09826af163d2153373d60fb67406_2.png"" width=""24"" aria-hidden=""true"">"
navConnectedAssetsFill.png,navConnectedAssetsFill.png,"<img style=""vertical-align: middle;"" src=""https://cdn.zapier.com/storage/photos/af38b68bf2c25756220aafc9e2bf6ffd.png"" width=""24"" aria-hidden=""true"">"
navDashboard.png,navDashboard.png,"<img style=""vertical-align: middle;"" src=""https://cdn.zapier.com/storage/photos/82dced53a180d9accc5f2ae8e8dfe628.png"" width=""24"" aria-hidden=""true"">"
navDashboardFill.png,navDashboardFill.png,"<img style=""vertical-align: middle;"" src=""https://cdn.zapier.com/storage/photos/97e49ebf0b1c192a05fb1b195bf79266.png"" width=""24"" aria-hidden=""true"">"
navExplore.png,navExplore.png,"<img style=""vertical-align: middle;"" src=""https://cdn.zapier.com/storage/photos/9d581daf6c4ea34b39b0e38528fca4fd.png"" width=""24"" aria-hidden=""true"">"
navExploreFill.png,navExploreFill.png,"<img style=""vertical-align: middle;"" src=""https://cdn.zapier.com/storage/photos/125cab66a6c7c882e71deef51663efa1.png"" width=""24"" aria-hidden=""true"">"
navFolder.png,navFolder.png,"<img style=""vertical-align: middle;"" src=""https://cdn.zapier.com/storage/photos/e331d9f96fcf83d98519cf3580fb5d9d.png"" width=""24"" aria-hidden=""true"">"
navFolderFill.png,navFolderFill.png,"<img style=""vertical-align: middle;"" src=""https://cdn.zapier.com/storage/photos/787e16d342cac2893236dd7c972f0f01.png"" width=""24"" aria-hidden=""true"">"
navGridview,navGridview,"<img style=""vertical-align: middle;"" src=""https://cdn.zappy.app/f0c243c2a8375f4f0bcd38ce870a3731.png"" width=""24"" aria-hidden=""true"">"
navHelp.png,navHelp.png,"<img style=""vertical-align: middle;"" src=""https://cdn.zapier.com/storage/photos/dbd4cf5705aebfeda6588ee1b3ecd8f1.png"" width=""24"" aria-hidden=""true"">"
navHelpFill.png,navHelpFill.png,"<img style=""vertical-align: middle;"" src=""https://cdn.zapier.com/storage/photos/a2fac8eda8b748f5e41253ddc5190c43.png"" width=""24"" aria-hidden=""true"">"
navHome.png,navHome.png,"<img style=""vertical-align: middle;"" src=""https://cdn.zapier.com/storage/photos/269d12f44ac21e4e5d3995f2aba02b0b.png"" width=""24"" aria-hidden=""true"">"
navHomeFill.png,navHomeFill.png,"<img style=""vertical-align: middle;"" src=""https://cdn.zapier.com/storage/photos/4fadece8343a88e8b537deadb0176322.png"" width=""24"" aria-hidden=""true"">"
navIntegrations.png,navIntegrations.png,"<img style=""vertical-align: middle;"" src=""https://cdn.zapier.com/storage/photos/e17f18436ad625352423506ab8c4e1f8.png"" width=""24"" aria-hidden=""true"">"
navIntegrationsFill.png,navIntegrationsFill.png,"<img style=""vertical-align: middle;"" src=""https://cdn.zapier.com/storage/photos/8f0b84e658e089697d255bbc6e74c598.png"" width=""24"" aria-hidden=""true"">"
navInterfaces.png,navInterfaces.png,"<img style=""vertical-align: middle;"" src=""https://cdn.zapier.com/storage/photos/d767659d3a420b26488445c18c2d86f5.png"" width=""24"" aria-hidden=""true"">"
navInterfacessFill.png,navInterfacessFill.png,"<img style=""vertical-align: middle;"" src=""https://cdn.zapier.com/storage/photos/082c15da8bdd5bccd7c747fe8627fb6f.png"" width=""24"" aria-hidden=""true"">"
navMenu.png,navMenu.png,"<img style=""vertical-align: middle;"" src=""https://cdn.zapier.com/storage/photos/1a544ddad664fa7c30c56a1b07ddc6b5.png"" width=""24"" aria-hidden=""true"">"
navMenuAlt.png,navMenuAlt.png,"<img style=""vertical-align: middle;"" src=""https://cdn.zapier.com/storage/photos/a88a52bfa23a334d83dfbcc715c921f1.png"" width=""24"" aria-hidden=""true"">"
navMoreHoriz.png,navMoreHoriz.png,"<img style=""vertical-align: middle;"" src=""https://cdn.zapier.com/storage/photos/c75ae81dbb8902b98f7d575b0468f608.png"" width=""24"" aria-hidden=""true"">"
navMoreVert.png,navMoreVert.png,"<img style=""vertical-align: middle;"" src=""https://cdn.zapier.com/storage/photos/1b5d0948aaade9d038b3d80fd68f8e96.png"" width=""24"" aria-hidden=""true"">"
navProductHub.svg,navProductHub.svg,"<img style=""vertical-align: middle;"" src=""https://cdn.zapier.com/storage/files/4f198898e6e3d9129993cf8606102526.svg"" width=""24"" aria-hidden=""true"">"
navProjects.png,navProjects.png,"<img style=""vertical-align: middle;"" src=""https://cdn.zapier.com/storage/photos/370b6d78ffe9ca8a9b6563d0f8087ff7.png"" width=""24"" aria-hidden=""true"">"
navProjectsFill.png,navProjectsFill.png,"<img style=""vertical-align: middle;"" src=""https://cdn.zapier.com/storage/photos/8e2b183626858549efe897dc14077086.png"" width=""24"" aria-hidden=""true"">"
navSearch.png,navSearch.png,"<img style=""vertical-align: middle;"" src=""https://cdn.zapier.com/storage/photos/6919dbdeee52a93e6380884f63c2e4a9.png"" width=""24"" aria-hidden=""true"">"
navSearchFill.png,navSearchFill.png,"<img style=""vertical-align: middle;"" src=""https://cdn.zapier.com/storage/photos/da008edb42d99598f5acc3d2e50f24ba.png"" width=""24"" aria-hidden=""true"">"
navTables.png,navTables.png,"<img style=""vertical-align: middle;"" src=""https://cdn.zapier.com/storage/photos/db3c58dc7ae7c8c68e12cc4128984701.png"" width=""24"" aria-hidden=""true"">"
navVersions.png,navVersions.png,"<img style=""vertical-align: middle;"" src=""https://cdn.zapier.com/storage/photos/a4dce524c0ef4232600f64dceb196c58.png"" width=""24"" aria-hidden=""true"">"
navVersionsFill.png,navVersionsFill.png,"<img style=""vertical-align: middle;"" src=""https://cdn.zapier.com/storage/photos/e545e82c6733c5c22f2718aa84222bfd.png"" width=""24"" aria-hidden=""true"">"
miscPackage.png,miscPackage.png,"<img style=""vertical-align: middle;"" src=""https://cdn.zapier.com/storage/photos/c784a9b6a75a8b6de64a7511f4e97a75.png"" width=""24"" aria-hidden=""true"">"
partnerDashboard.png,partnerDashboard.png,"<img style=""vertical-align: middle;"" src=""https://cdn.zapier.com/storage/photos/9703080a12daf357ccf8d445c0f44c3c.png"" width=""24"" aria-hidden=""true"">"
partnerEmbed.png,partnerEmbed.png,"<img style=""vertical-align: middle;"" src=""https://cdn.zapier.com/storage/photos/5cb6126ec0a82d167f0c90036cf2952f.png"" width=""24"" aria-hidden=""true"">"
team.png,team.png,"<img style=""vertical-align: middle;"" src=""https://cdn.zapier.com/storage/photos/8ca26aa436efa524707f4accb280996d.png"" width=""24"" aria-hidden=""true"">"
teamFill.png,teamFill.png,"<img style=""vertical-align: middle;"" src=""https://cdn.zapier.com/storage/photos/777aa9cde35b73ed45843951d33cb51a.png"" width=""24"" aria-hidden=""true"">"
zapier.png,zapier.png,"<img style=""vertical-align: middle;"" src=""https://cdn.zapier.com/storage/photos/816340aaebfbc2d0bfc576864e6f9bfe.png"" width=""24"" aria-hidden=""true"">"
personAdd.png,personAdd.png,"<img style=""vertical-align: middle;"" src=""https://cdn.zapier.com/storage/photos/481b15af0f85f7cdba45afd6c74331dd.png"" width=""24"" aria-hidden=""true"">"
personAddFill.png,personAddFill.png,"<img style=""vertical-align: middle;"" src=""https://cdn.zapier.com/storage/photos/2c26be2895a4cf21d4c4024066d2e5b8.png"" width=""24"" aria-hidden=""true"">"
personCircle.png,personCircle.png,"<img style=""vertical-align: middle;"" src=""https://cdn.zapier.com/storage/photos/21ffddb93fe4621ea3e4b5ddc7077fe6.png"" width=""24"" aria-hidden=""true"">"
personCircleFill.png,personCircleFill.png,"<img style=""vertical-align: middle;"" src=""https://cdn.zapier.com/storage/photos/ff6aba14ffda8ff6e5b5d9c828b017c3.png"" width=""24"" aria-hidden=""true"">"
personGroup.png,personGroup.png,"<img style=""vertical-align: middle;"" src=""https://cdn.zapier.com/storage/photos/795c4dc3c135b3c2b7bc1018ae2424c0.png"" width=""24"" aria-hidden=""true"">"
personGroupFill.png,personGroupFill.png,"<img style=""vertical-align: middle;"" src=""https://cdn.zapier.com/storage/photos/c666044e9a713af1cf430076487372c3.png"" width=""24"" aria-hidden=""true"">"
personOne.png,personOne.png,"<img style=""vertical-align: middle;"" src=""https://cdn.zapier.com/storage/photos/8fdfc9573ee7a4d2d637f540575ffc4f.png"" width=""24"" aria-hidden=""true"">"
personOneFill.png,personOneFill.png,"<img style=""vertical-align: middle;"" src=""https://cdn.zapier.com/storage/photos/31aa7b931c97c50dcff036c720f77ed2.png"" width=""24"" aria-hidden=""true"">"
personSettings.png,personSettings.png,"<img style=""vertical-align: middle;"" src=""https://cdn.zapier.com/storage/photos/cec2b9459bcdea8dcdb6b099d40955b0.png"" width=""24"" aria-hidden=""true"">"
ratingCool.png,ratingCool.png,"<img style=""vertical-align: middle;"" src=""https://cdn.zapier.com/storage/photos/9f809052ddb8add25501fcc7ef7f293a.png"" width=""24"" aria-hidden=""true"">"
ratingHappy.png,ratingHappy.png,"<img style=""vertical-align: middle;"" src=""https://cdn.zapier.com/storage/photos/3e7d514fa2cd4c58d4b9529c75c23fa4.png"" width=""24"" aria-hidden=""true"">"
ratingHappyAlt.png,ratingHappyAlt.png,"<img style=""vertical-align: middle;"" src=""https://cdn.zapier.com/storage/photos/165c300f5e25a87d2a8f0547508adcad.png"" width=""24"" aria-hidden=""true"">"
ratingHeart.png,ratingHeart.png,"<img style=""vertical-align: middle;"" src=""https://cdn.zapier.com/storage/photos/ab83b5087ffe340f585d96d04114766a.png"" width=""24"" aria-hidden=""true"">"
ratingHeartFill.png,ratingHeartFill.png,"<img style=""vertical-align: middle;"" src=""https://cdn.zapier.com/storage/photos/86b02eb20874ccb75d5715a2e17ef70d.png"" width=""24"" aria-hidden=""true"">"
ratingNeutral.png,ratingNeutral.png,"<img style=""vertical-align: middle;"" src=""https://cdn.zapier.com/storage/photos/d682ba8b1b49ab9b9571c28e5ffb122b.png"" width=""24"" aria-hidden=""true"">"
ratingNeutralAlt.png,ratingNeutralAlt.png,"<img style=""vertical-align: middle;"" src=""https://cdn.zapier.com/storage/photos/6f1c4fd2decdb6cbb0e0f58d63f06fe8.png"" width=""24"" aria-hidden=""true"">"
ratingSad.png,ratingSad.png,"<img style=""vertical-align: middle;"" src=""https://cdn.zapier.com/storage/photos/a1e9cce4d4255f7386aecb09c9fed418.png"" width=""24"" aria-hidden=""true"">"
ratingSadAlt.png,ratingSadAlt.png,"<img style=""vertical-align: middle;"" src=""https://cdn.zapier.com/storage/photos/9a629e8f9204b125d5e93f4e1a1332f4.png"" width=""24"" aria-hidden=""true"">"
ratingStar.png,ratingStar.png,"<img style=""vertical-align: middle;"" src=""https://cdn.zapier.com/storage/photos/8843673cace5f7b922c65168a85d657e.png"" width=""24"" aria-hidden=""true"">"
ratingStarFill.png,ratingStarFill.png,"<img style=""vertical-align: middle;"" src=""https://cdn.zapier.com/storage/photos/ab1bbdcf85517d551d28b06d9f3a98b8.png"" width=""24"" aria-hidden=""true"">"
ratingThumbsBoth.png,ratingThumbsBoth.png,"<img style=""vertical-align: middle;"" src=""https://cdn.zapier.com/storage/photos/6d8deee2786bf138c3ff1017b30c09cf.png"" width=""24"" aria-hidden=""true"">"
ratingThumbsBothFill.png,ratingThumbsBothFill.png,"<img style=""vertical-align: middle;"" src=""https://cdn.zapier.com/storage/photos/d7b58ae1c37cda2beb3408d2893bd27b.png"" width=""24"" aria-hidden=""true"">"
ratingThumbsDown.png,ratingThumbsDown.png,"<img style=""vertical-align: middle;"" src=""https://cdn.zapier.com/storage/photos/929332013a743ff87a1f11097c16aee4.png"" width=""24"" aria-hidden=""true"">"
ratingThumbsDownFill.png,ratingThumbsDownFill.png,"<img style=""vertical-align: middle;"" src=""https://cdn.zapier.com/storage/photos/bf90cb76a645438275b84297d731bdb9.png"" width=""24"" aria-hidden=""true"">"
ratingThumbsUp.png,ratingThumbsUp.png,"<img style=""vertical-align: middle;"" src=""https://cdn.zapier.com/storage/photos/668925f6752dbbc219eede656af5999d.png"" width=""24"" aria-hidden=""true"">"
ratingThumbsUpFill.png,ratingThumbsUpFill.png,"<img style=""vertical-align: middle;"" src=""https://cdn.zapier.com/storage/photos/ea4eb3212d22af3cbbe7567cdb8152b8.png"" width=""24"" aria-hidden=""true"">"
ratingVeryHappy.png,ratingVeryHappy.png,"<img style=""vertical-align: middle;"" src=""https://cdn.zapier.com/storage/photos/30decd6770013ae3911c136b7dfcb144.png"" width=""24"" aria-hidden=""true"">"
ratingVeryHappyAlt.png,ratingVeryHappyAlt.png,"<img style=""vertical-align: middle;"" src=""https://cdn.zapier.com/storage/photos/2464333dc032d8846ddade620a44fe31.png"" width=""24"" aria-hidden=""true"">"
ratingVerySad.png,ratingVerySad.png,"<img style=""vertical-align: middle;"" src=""https://cdn.zapier.com/storage/photos/cc3afa061cb83bc6d6427dcf4f2f81ce.png"" width=""24"" aria-hidden=""true"">"
ratingVerySadAlt.png,ratingVerySadAlt.png,"<img style=""vertical-align: middle;"" src=""https://cdn.zapier.com/storage/photos/4d9915891edbd44125adfba5d0c3c4ae.png"" width=""24"" aria-hidden=""true"">"
ratingWink.png,ratingWink.png,"<img style=""vertical-align: middle;"" src=""https://cdn.zapier.com/storage/photos/33b4e1a034dd321aa625f16b8ac2ce82.png"" width=""24"" aria-hidden=""true"">"
ratingWinkAlt.png,ratingWinkAlt.png,"<img style=""vertical-align: middle;"" src=""https://cdn.zapier.com/storage/photos/59f1538cbdce0ed86ff40b321fd01884.png"" width=""24"" aria-hidden=""true"">"
status-playing-fill.png,status-playing-fill.png,"<img style=""vertical-align: middle;"" src=""https://cdn.zapier.com/storage/photos/ea6bfa475068918fdc6a925adf27b540.png"" width=""24"" aria-hidden=""true"">"
statusFilter.png,statusFilter.png,"<img style=""vertical-align: middle;"" src=""https://cdn.zapier.com/storage/photos/00bf2f170edb928a5fa2b67d2a42a920.png"" width=""24"" aria-hidden=""true"">"
statusFilterFill.png,statusFilterFill.png,"<img style=""vertical-align: middle;"" src=""https://cdn.zapier.com/storage/photos/efd863a06848d545ca68fc90619a0dbf.png"" width=""24"" aria-hidden=""true"">"
statusPaused.png,statusPaused.png,"<img style=""vertical-align: middle;"" src=""https://cdn.zapier.com/storage/photos/6beb4e9d5cce715d359d758da7236dd5.png"" width=""24"" aria-hidden=""true"">"
statusPlaying.png,statusPlaying.png,"<img style=""vertical-align: middle;"" src=""https://cdn.zapier.com/storage/photos/70edc1a706707fe63754f87526abce04.png"" width=""24"" aria-hidden=""true"">"
statusStatus.png,statusStatus.png,"<img style=""vertical-align: middle;"" src=""https://cdn.zapier.com/storage/photos/2a945aa5b8e050070d8c557731b5ddf0.png"" width=""24"" aria-hidden=""true"">"
statusStatusFill.png,statusStatusFill.png,"<img style=""vertical-align: middle;"" src=""https://cdn.zapier.com/storage/photos/1250e47840423d8939986c7bc4d01e47.png"" width=""24"" aria-hidden=""true"">"
tables_views.png,tables_views.png,"<img style=""vertical-align: middle;"" src=""https://cdn.zapier.com/storage/photos/370e4b49502824b408d887804d7c24b7.png"" width=""24"" aria-hidden=""true"">"